input_miRNA,base_name,Organism,Cluster ID,Accession,Chromosome,Strand,Start,Stop,Precursors in cluster,Spanning size of cluster
"hsa-let-7a-1, mature,MIMAT0000062",hsa-let-7a-1,Homo sapiens,hsa_129,MI0000060,chr9,+,94175957.0,94176036.0,3.0,2964.0
"hsa-let-7a-1, mature,MIMAT0004481",hsa-let-7a-1,Homo sapiens,hsa_129,MI0000060,chr9,+,94175957.0,94176036.0,3.0,2964.0
"hsa-let-7a-2, mature,MIMAT0010195",hsa-let-7a-2,Homo sapiens,hsa_23,MI0000061,chr11,-,122146522.0,122146593.0,2.0,5787.0
"hsa-let-7b, mature,MIMAT0000063",hsa-let-7b,Homo sapiens,hsa_95,MI0000063,chr22,+,46113686.0,46113768.0,3.0,1020.0
"hsa-let-7b, mature,MIMAT0004482",hsa-let-7b,Homo sapiens,hsa_95,MI0000063,chr22,+,46113686.0,46113768.0,3.0,1020.0
"hsa-let-7c, mature,MIMAT0000064",hsa-let-7c,Homo sapiens,hsa_89,MI0000064,chr21,+,16539828.0,16539911.0,2.0,823.0
"hsa-let-7c, mature,MIMAT0026472",hsa-let-7c,Homo sapiens,hsa_89,MI0000064,chr21,+,16539828.0,16539911.0,2.0,823.0
"hsa-let-7d, mature,MIMAT0000065",hsa-let-7d,Homo sapiens,hsa_129,MI0000065,chr9,+,94178834.0,94178920.0,3.0,2964.0
"hsa-let-7d, mature,MIMAT0004484",hsa-let-7d,Homo sapiens,hsa_129,MI0000065,chr9,+,94178834.0,94178920.0,3.0,2964.0
"hsa-let-7e, mature,MIMAT0000066",hsa-let-7e,Homo sapiens,hsa_72,MI0000066,chr19,+,51692786.0,51692864.0,3.0,728.0
"hsa-let-7e, mature,MIMAT0004485",hsa-let-7e,Homo sapiens,hsa_72,MI0000066,chr19,+,51692786.0,51692864.0,3.0,728.0
"hsa-let-7f-1, mature,MIMAT0000067",hsa-let-7f-1,Homo sapiens,hsa_129,MI0000067,chr9,+,94176347.0,94176433.0,3.0,2964.0
"hsa-let-7f-1, mature,MIMAT0004486",hsa-let-7f-1,Homo sapiens,hsa_129,MI0000067,chr9,+,94176347.0,94176433.0,3.0,2964.0
"hsa-let-7f-2, mature,MIMAT0004487",hsa-let-7f-2,Homo sapiens,hsa_139,MI0000068,chrX,-,53557192.0,53557274.0,2.0,1052.0
"hsa-let-7g, mature,MIMAT0000414",hsa-let-7g,,,,,,,,,
"hsa-let-7g, mature,MIMAT0004584",hsa-let-7g,,,,,,,,,
"hsa-let-7i, mature,MIMAT0000415",hsa-let-7i,,,,,,,,,
"hsa-let-7i, mature,MIMAT0004585",hsa-let-7i,,,,,,,,,
"hsa-mir-1-1, mature,MIMAT0000416",hsa-mir-1-1,,,,,,,,,
"hsa-mir-1-1, mature,MIMAT0031892",hsa-mir-1-1,,,,,,,,,
"hsa-mir-100, mature,MIMAT0000098",hsa-mir-100,Homo sapiens,hsa_23,MI0000102,chr11,-,122152229.0,122152308.0,2.0,5787.0
"hsa-mir-100, mature,MIMAT0004512",hsa-mir-100,Homo sapiens,hsa_23,MI0000102,chr11,-,122152229.0,122152308.0,2.0,5787.0
"hsa-mir-101-1, mature,MIMAT0000099",hsa-mir-101-1,Homo sapiens,hsa_6,MI0000103,chr1,-,65058434.0,65058508.0,2.0,754.0
"hsa-mir-101-1, mature,MIMAT0004513",hsa-mir-101-1,Homo sapiens,hsa_6,MI0000103,chr1,-,65058434.0,65058508.0,2.0,754.0
"hsa-mir-103a-1, mature,MIMAT0000101",hsa-mir-103a-1,Homo sapiens,hsa_103,MI0000109,chr5,-,168560896.0,168560973.0,2.0,70.0
"hsa-mir-103a-2, mature,MIMAT0009196",hsa-mir-103a-2,Homo sapiens,hsa_82,MI0000108,chr20,+,3917494.0,3917571.0,2.0,70.0
"hsa-mir-105-1, mature,MIMAT0000102",hsa-mir-105-1,Homo sapiens,hsa_152,MI0000111,chrX,-,152392219.0,152392299.0,3.0,2274.0
"hsa-mir-105-1, mature,MIMAT0004516",hsa-mir-105-1,Homo sapiens,hsa_152,MI0000111,chrX,-,152392219.0,152392299.0,3.0,2274.0
"hsa-mir-106a, mature,MIMAT0000103",hsa-mir-106a,Homo sapiens,hsa_144,MI0000113,chrX,-,134170198.0,134170278.0,6.0,901.0
"hsa-mir-106a, mature,MIMAT0004517",hsa-mir-106a,Homo sapiens,hsa_144,MI0000113,chrX,-,134170198.0,134170278.0,6.0,901.0
"hsa-mir-106b, mature,MIMAT0000680",hsa-mir-106b,Homo sapiens,hsa_113,MI0000734,chr7,-,100093993.0,100094074.0,3.0,515.0
"hsa-mir-106b, mature,MIMAT0004672",hsa-mir-106b,Homo sapiens,hsa_113,MI0000734,chr7,-,100093993.0,100094074.0,3.0,515.0
"hsa-mir-107, mature,MIMAT0000104",hsa-mir-107,,,,,,,,,
"hsa-mir-10a, mature,MIMAT0000253",hsa-mir-10a,,,,,,,,,
"hsa-mir-10a, mature,MIMAT0004555",hsa-mir-10a,,,,,,,,,
"hsa-mir-10b, mature,MIMAT0000254",hsa-mir-10b,,,,,,,,,
"hsa-mir-10b, mature,MIMAT0004556",hsa-mir-10b,,,,,,,,,
"hsa-mir-1178, mature,MIMAT0005823",hsa-mir-1178,,,,,,,,,
"hsa-mir-1179, mature,MIMAT0005824",hsa-mir-1179,Homo sapiens,hsa_38,MI0006272,chr15,+,88608107.0,88608197.0,3.0,3818.0
"hsa-mir-1180, mature,MIMAT0005825",hsa-mir-1180,,,,,,,,,
"hsa-mir-1180, mature,MIMAT0026735",hsa-mir-1180,,,,,,,,,
"hsa-mir-1181, mature,MIMAT0005826",hsa-mir-1181,,,,,,,,,
"hsa-mir-1182, mature,MIMAT0005827",hsa-mir-1182,,,,,,,,,
"hsa-mir-1185-1, mature,MIMAT0005798",hsa-mir-1185-1,Homo sapiens,hsa_34,MI0003844,chr14,+,101042977.0,101043062.0,42.0,44736.0
"hsa-mir-1185-1, mature,MIMAT0022838",hsa-mir-1185-1,Homo sapiens,hsa_34,MI0003844,chr14,+,101042977.0,101043062.0,42.0,44736.0
"hsa-mir-1185-2, mature,MIMAT0022713",hsa-mir-1185-2,Homo sapiens,hsa_34,MI0003821,chr14,+,101044198.0,101044283.0,42.0,44736.0
"hsa-mir-1193, mature,MIMAT0015049",hsa-mir-1193,Homo sapiens,hsa_34,MI0014205,chr14,+,101030052.0,101030129.0,42.0,44736.0
"hsa-mir-1197, mature,MIMAT0005955",hsa-mir-1197,Homo sapiens,hsa_34,MI0006656,chr14,+,101025564.0,101025651.0,42.0,44736.0
"hsa-mir-1200, mature,MIMAT0005863",hsa-mir-1200,,,,,,,,,
"hsa-mir-122, mature,MIMAT0000421",hsa-mir-122,Homo sapiens,hsa_64,MI0000442,chr18,+,58451074.0,58451158.0,2.0,79.0
"hsa-mir-122, mature,MIMAT0004590",hsa-mir-122,Homo sapiens,hsa_64,MI0000442,chr18,+,58451074.0,58451158.0,2.0,79.0
"hsa-mir-1224, mature,MIMAT0005458",hsa-mir-1224,,,,,,,,,
"hsa-mir-1224, mature,MIMAT0005459",hsa-mir-1224,,,,,,,,,
"hsa-mir-1225, mature,MIMAT0005572",hsa-mir-1225,,,,,,,,,
"hsa-mir-1225, mature,MIMAT0005573",hsa-mir-1225,,,,,,,,,
"hsa-mir-1226, mature,MIMAT0005576",hsa-mir-1226,,,,,,,,,
"hsa-mir-1226, mature,MIMAT0005577",hsa-mir-1226,,,,,,,,,
"hsa-mir-1227, mature,MIMAT0005580",hsa-mir-1227,Homo sapiens,hsa_66,MI0006316,chr19,-,2234062.0,2234149.0,2.0,1865.0
"hsa-mir-1227, mature,MIMAT0022941",hsa-mir-1227,Homo sapiens,hsa_66,MI0006316,chr19,-,2234062.0,2234149.0,2.0,1865.0
"hsa-mir-1228, mature,MIMAT0005582",hsa-mir-1228,,,,,,,,,
"hsa-mir-1228, mature,MIMAT0005583",hsa-mir-1228,,,,,,,,,
"hsa-mir-1229, mature,MIMAT0005584",hsa-mir-1229,,,,,,,,,
"hsa-mir-1229, mature,MIMAT0022942",hsa-mir-1229,,,,,,,,,
"hsa-mir-1231, mature,MIMAT0005586",hsa-mir-1231,,,,,,,,,
"hsa-mir-1234, mature,MIMAT0005589",hsa-mir-1234,Homo sapiens,hsa_127,MI0006324,chr8,-,144400086.0,144400165.0,3.0,6197.0
"hsa-mir-1236, mature,MIMAT0005591",hsa-mir-1236,,,,,,,,,
"hsa-mir-1236, mature,MIMAT0022945",hsa-mir-1236,,,,,,,,,
"hsa-mir-1237, mature,MIMAT0005592",hsa-mir-1237,,,,,,,,,
"hsa-mir-1237, mature,MIMAT0022946",hsa-mir-1237,,,,,,,,,
"hsa-mir-1238, mature,MIMAT0005593",hsa-mir-1238,,,,,,,,,
"hsa-mir-1238, mature,MIMAT0022947",hsa-mir-1238,,,,,,,,,
"hsa-mir-124-1, mature,MIMAT0000422",hsa-mir-124-1,,,,,,,,,
"hsa-mir-124-1, mature,MIMAT0004591",hsa-mir-124-1,,,,,,,,,
"hsa-mir-1243, mature,MIMAT0005894",hsa-mir-1243,,,,,,,,,
"hsa-mir-1245a, mature,MIMAT0005897",hsa-mir-1245a,Homo sapiens,hsa_79,MI0006380,chr2,+,188978092.0,188978161.0,2.0,70.0
"hsa-mir-1245b, mature,MIMAT0019950",hsa-mir-1245b,Homo sapiens,hsa_79,MI0017431,chr2,-,188978093.0,188978161.0,2.0,70.0
"hsa-mir-1245b, mature,MIMAT0019951",hsa-mir-1245b,Homo sapiens,hsa_79,MI0017431,chr2,-,188978093.0,188978161.0,2.0,70.0
"hsa-mir-1246, mature,MIMAT0005898",hsa-mir-1246,,,,,,,,,
"hsa-mir-1247, mature,MIMAT0005899",hsa-mir-1247,,,,,,,,,
"hsa-mir-1247, mature,MIMAT0022721",hsa-mir-1247,,,,,,,,,
"hsa-mir-1248, mature,MIMAT0005900",hsa-mir-1248,,,,,,,,,
"hsa-mir-1249, mature,MIMAT0005901",hsa-mir-1249,,,,,,,,,
"hsa-mir-1249, mature,MIMAT0032029",hsa-mir-1249,,,,,,,,,
"hsa-mir-1250, mature,MIMAT0005902",hsa-mir-1250,Homo sapiens,hsa_61,MI0006385,chr17,-,81133196.0,81133308.0,4.0,8033.0
"hsa-mir-1250, mature,MIMAT0026740",hsa-mir-1250,Homo sapiens,hsa_61,MI0006385,chr17,-,81133196.0,81133308.0,4.0,8033.0
"hsa-mir-1251, mature,MIMAT0005903",hsa-mir-1251,,,,,,,,,
"hsa-mir-1251, mature,MIMAT0026741",hsa-mir-1251,,,,,,,,,
"hsa-mir-1252, mature,MIMAT0005944",hsa-mir-1252,,,,,,,,,
"hsa-mir-1252, mature,MIMAT0026744",hsa-mir-1252,,,,,,,,,
"hsa-mir-1253, mature,MIMAT0005904",hsa-mir-1253,,,,,,,,,
"hsa-mir-1254-1, mature,MIMAT0005905",hsa-mir-1254-1,,,,,,,,,
"hsa-mir-1255a, mature,MIMAT0005906",hsa-mir-1255a,,,,,,,,,
"hsa-mir-1256, mature,MIMAT0005907",hsa-mir-1256,,,,,,,,,
"hsa-mir-1257, mature,MIMAT0005908",hsa-mir-1257,,,,,,,,,
"hsa-mir-1258, mature,MIMAT0005909",hsa-mir-1258,,,,,,,,,
"hsa-mir-125a, mature,MIMAT0000443",hsa-mir-125a,Homo sapiens,hsa_72,MI0000469,chr19,+,51693254.0,51693339.0,3.0,728.0
"hsa-mir-125a, mature,MIMAT0004602",hsa-mir-125a,Homo sapiens,hsa_72,MI0000469,chr19,+,51693254.0,51693339.0,3.0,728.0
"hsa-mir-125b-1, mature,MIMAT0000423",hsa-mir-125b-1,,,,,,,,,
"hsa-mir-125b-1, mature,MIMAT0004592",hsa-mir-125b-1,,,,,,,,,
"hsa-mir-125b-2, mature,MIMAT0004603",hsa-mir-125b-2,,,,,,,,,
"hsa-mir-126, mature,MIMAT0000444",hsa-mir-126,,,,,,,,,
"hsa-mir-126, mature,MIMAT0000445",hsa-mir-126,,,,,,,,,
"hsa-mir-1260a, mature,MIMAT0005911",hsa-mir-1260a,,,,,,,,,
"hsa-mir-1260b, mature,MIMAT0015041",hsa-mir-1260b,,,,,,,,,
"hsa-mir-1262, mature,MIMAT0005914",hsa-mir-1262,,,,,,,,,
"hsa-mir-1263, mature,MIMAT0005915",hsa-mir-1263,,,,,,,,,
"hsa-mir-1264, mature,MIMAT0005791",hsa-mir-1264,Homo sapiens,hsa_143,MI0003758,chrX,+,114652655.0,114652723.0,2.0,1180.0
"hsa-mir-1265, mature,MIMAT0005918",hsa-mir-1265,,,,,,,,,
"hsa-mir-1266, mature,MIMAT0005920",hsa-mir-1266,,,,,,,,,
"hsa-mir-1266, mature,MIMAT0026742",hsa-mir-1266,,,,,,,,,
"hsa-mir-1267, mature,MIMAT0005921",hsa-mir-1267,,,,,,,,,
"hsa-mir-1268b, mature,MIMAT0018925",hsa-mir-1268b,,,,,,,,,
"hsa-mir-1269a, mature,MIMAT0005923",hsa-mir-1269a,,,,,,,,,
"hsa-mir-1269b, mature,MIMAT0019059",hsa-mir-1269b,,,,,,,,,
"hsa-mir-127, mature,MIMAT0000446",hsa-mir-127,Homo sapiens,hsa_33,MI0000472,chr14,+,100882979.0,100883075.0,8.0,15724.0
"hsa-mir-127, mature,MIMAT0004604",hsa-mir-127,Homo sapiens,hsa_33,MI0000472,chr14,+,100882979.0,100883075.0,8.0,15724.0
"hsa-mir-1270, mature,MIMAT0005924",hsa-mir-1270,,,,,,,,,
"hsa-mir-1271, mature,MIMAT0005796",hsa-mir-1271,,,,,,,,,
"hsa-mir-1272, mature,MIMAT0005925",hsa-mir-1272,,,,,,,,,
"hsa-mir-1273a, mature,MIMAT0005926",hsa-mir-1273a,,,,,,,,,
"hsa-mir-1273c, mature,MIMAT0015017",hsa-mir-1273c,,,,,,,,,
"hsa-mir-1273h, mature,MIMAT0030416",hsa-mir-1273h,,,,,,,,,
"hsa-mir-1275, mature,MIMAT0005929",hsa-mir-1275,,,,,,,,,
"hsa-mir-1276, mature,MIMAT0005930",hsa-mir-1276,,,,,,,,,
"hsa-mir-1277, mature,MIMAT0005933",hsa-mir-1277,,,,,,,,,
"hsa-mir-1277, mature,MIMAT0022724",hsa-mir-1277,,,,,,,,,
"hsa-mir-1278, mature,MIMAT0005936",hsa-mir-1278,,,,,,,,,
"hsa-mir-128-1, mature,MIMAT0000424",hsa-mir-128-1,,,,,,,,,
"hsa-mir-128-1, mature,MIMAT0026477",hsa-mir-128-1,,,,,,,,,
"hsa-mir-128-2, mature,MIMAT0031095",hsa-mir-128-2,,,,,,,,,
"hsa-mir-1281, mature,MIMAT0005939",hsa-mir-1281,,,,,,,,,
"hsa-mir-1283-1, mature,MIMAT0005799",hsa-mir-1283-1,Homo sapiens,hsa_73,MI0003832,chr19,+,53688481.0,53688567.0,46.0,95752.0
"hsa-mir-1284, mature,MIMAT0005941",hsa-mir-1284,,,,,,,,,
"hsa-mir-1285-1, mature,MIMAT0005876",hsa-mir-1285-1,,,,,,,,,
"hsa-mir-1286, mature,MIMAT0005877",hsa-mir-1286,,,,,,,,,
"hsa-mir-1287, mature,MIMAT0005878",hsa-mir-1287,,,,,,,,,
"hsa-mir-1287, mature,MIMAT0026738",hsa-mir-1287,,,,,,,,,
"hsa-mir-1288, mature,MIMAT0005942",hsa-mir-1288,,,,,,,,,
"hsa-mir-1288, mature,MIMAT0026743",hsa-mir-1288,,,,,,,,,
"hsa-mir-1289-1, mature,MIMAT0005879",hsa-mir-1289-1,,,,,,,,,
"hsa-mir-129-1, mature,MIMAT0000242",hsa-mir-129-1,,,,,,,,,
"hsa-mir-129-1, mature,MIMAT0004548",hsa-mir-129-1,,,,,,,,,
"hsa-mir-129-2, mature,MIMAT0004605",hsa-mir-129-2,,,,,,,,,
"hsa-mir-1290, mature,MIMAT0005880",hsa-mir-1290,,,,,,,,,
"hsa-mir-1291, mature,MIMAT0005881",hsa-mir-1291,,,,,,,,,
"hsa-mir-1292, mature,MIMAT0005943",hsa-mir-1292,,,,,,,,,
"hsa-mir-1292, mature,MIMAT0022948",hsa-mir-1292,,,,,,,,,
"hsa-mir-1293, mature,MIMAT0005883",hsa-mir-1293,,,,,,,,,
"hsa-mir-1294, mature,MIMAT0005884",hsa-mir-1294,,,,,,,,,
"hsa-mir-1295a, mature,MIMAT0005885",hsa-mir-1295a,Homo sapiens,hsa_9,MI0006357,chr1,-,171101728.0,171101806.0,2.0,71.0
"hsa-mir-1295b, mature,MIMAT0022293",hsa-mir-1295b,Homo sapiens,hsa_9,MI0019146,chr1,+,171101739.0,171101798.0,2.0,71.0
"hsa-mir-1295b, mature,MIMAT0022294",hsa-mir-1295b,Homo sapiens,hsa_9,MI0019146,chr1,+,171101739.0,171101798.0,2.0,71.0
"hsa-mir-1296, mature,MIMAT0005794",hsa-mir-1296,,,,,,,,,
"hsa-mir-1296, mature,MIMAT0026637",hsa-mir-1296,,,,,,,,,
"hsa-mir-1298, mature,MIMAT0005800",hsa-mir-1298,,,,,,,,,
"hsa-mir-1298, mature,MIMAT0026641",hsa-mir-1298,,,,,,,,,
"hsa-mir-1301, mature,MIMAT0005797",hsa-mir-1301,,,,,,,,,
"hsa-mir-1301, mature,MIMAT0026639",hsa-mir-1301,,,,,,,,,
"hsa-mir-1302-5, mature,MIMAT0005890",hsa-mir-1302-5,,,,,,,,,
"hsa-mir-1303, mature,MIMAT0005891",hsa-mir-1303,,,,,,,,,
"hsa-mir-1304, mature,MIMAT0005892",hsa-mir-1304,,,,,,,,,
"hsa-mir-1304, mature,MIMAT0022720",hsa-mir-1304,,,,,,,,,
"hsa-mir-1305, mature,MIMAT0005893",hsa-mir-1305,,,,,,,,,
"hsa-mir-1306, mature,MIMAT0005950",hsa-mir-1306,Homo sapiens,hsa_90,MI0006443,chr22,+,20086058.0,20086142.0,2.0,397.0
"hsa-mir-1306, mature,MIMAT0022726",hsa-mir-1306,Homo sapiens,hsa_90,MI0006443,chr22,+,20086058.0,20086142.0,2.0,397.0
"hsa-mir-1307, mature,MIMAT0005951",hsa-mir-1307,,,,,,,,,
"hsa-mir-1307, mature,MIMAT0022727",hsa-mir-1307,,,,,,,,,
"hsa-mir-130a, mature,MIMAT0000425",hsa-mir-130a,,,,,,,,,
"hsa-mir-130a, mature,MIMAT0004593",hsa-mir-130a,,,,,,,,,
"hsa-mir-130b, mature,MIMAT0000691",hsa-mir-130b,Homo sapiens,hsa_91,MI0000748,chr22,+,21653304.0,21653385.0,2.0,405.0
"hsa-mir-130b, mature,MIMAT0004680",hsa-mir-130b,Homo sapiens,hsa_91,MI0000748,chr22,+,21653304.0,21653385.0,2.0,405.0
"hsa-mir-132, mature,MIMAT0000426",hsa-mir-132,Homo sapiens,hsa_49,MI0000449,chr17,-,2049908.0,2050008.0,2.0,473.0
"hsa-mir-132, mature,MIMAT0004594",hsa-mir-132,Homo sapiens,hsa_49,MI0000449,chr17,-,2049908.0,2050008.0,2.0,473.0
"hsa-mir-1322, mature,MIMAT0005953",hsa-mir-1322,,,,,,,,,
"hsa-mir-1323, mature,MIMAT0005795",hsa-mir-1323,Homo sapiens,hsa_73,MI0003786,chr19,+,53671968.0,53672040.0,46.0,95752.0
"hsa-mir-133a-1, mature,MIMAT0000427",hsa-mir-133a-1,Homo sapiens,hsa_62,MI0000450,chr18,-,21825698.0,21825785.0,2.0,3391.0
"hsa-mir-133a-1, mature,MIMAT0026478",hsa-mir-133a-1,Homo sapiens,hsa_62,MI0000450,chr18,-,21825698.0,21825785.0,2.0,3391.0
"hsa-mir-133b, mature,MIMAT0000770",hsa-mir-133b,Homo sapiens,hsa_107,MI0000822,chr6,+,52148923.0,52149041.0,2.0,4693.0
"hsa-mir-134, mature,MIMAT0000447",hsa-mir-134,Homo sapiens,hsa_34,MI0000474,chr14,+,101054687.0,101054759.0,42.0,44736.0
"hsa-mir-134, mature,MIMAT0026481",hsa-mir-134,Homo sapiens,hsa_34,MI0000474,chr14,+,101054687.0,101054759.0,42.0,44736.0
"hsa-mir-1343, mature,MIMAT0019776",hsa-mir-1343,,,,,,,,,
"hsa-mir-135a-1, mature,MIMAT0000428",hsa-mir-135a-1,,,,,,,,,
"hsa-mir-135a-1, mature,MIMAT0004595",hsa-mir-135a-1,,,,,,,,,
"hsa-mir-135b, mature,MIMAT0000758",hsa-mir-135b,,,,,,,,,
"hsa-mir-135b, mature,MIMAT0004698",hsa-mir-135b,,,,,,,,,
"hsa-mir-136, mature,MIMAT0000448",hsa-mir-136,Homo sapiens,hsa_33,MI0000475,chr14,+,100884702.0,100884783.0,8.0,15724.0
"hsa-mir-136, mature,MIMAT0004606",hsa-mir-136,Homo sapiens,hsa_33,MI0000475,chr14,+,100884702.0,100884783.0,8.0,15724.0
"hsa-mir-137, mature,MIMAT0000429",hsa-mir-137,Homo sapiens,hsa_7,MI0000454,chr1,-,98046070.0,98046171.0,2.0,930.0
"hsa-mir-138-1, mature,MIMAT0000430",hsa-mir-138-1,,,,,,,,,
"hsa-mir-138-1, mature,MIMAT0004607",hsa-mir-138-1,,,,,,,,,
"hsa-mir-138-2, mature,MIMAT0004596",hsa-mir-138-2,,,,,,,,,
"hsa-mir-139, mature,MIMAT0000250",hsa-mir-139,,,,,,,,,
"hsa-mir-139, mature,MIMAT0004552",hsa-mir-139,,,,,,,,,
"hsa-mir-140, mature,MIMAT0000431",hsa-mir-140,,,,,,,,,
"hsa-mir-140, mature,MIMAT0004597",hsa-mir-140,,,,,,,,,
"hsa-mir-141, mature,MIMAT0000432",hsa-mir-141,Homo sapiens,hsa_24,MI0000457,chr12,+,6964097.0,6964191.0,2.0,493.0
"hsa-mir-141, mature,MIMAT0004598",hsa-mir-141,Homo sapiens,hsa_24,MI0000457,chr12,+,6964097.0,6964191.0,2.0,493.0
"hsa-mir-142, mature,MIMAT0000433",hsa-mir-142,Homo sapiens,hsa_57,MI0000458,chr17,-,58331232.0,58331318.0,2.0,4791.0
"hsa-mir-142, mature,MIMAT0000434",hsa-mir-142,Homo sapiens,hsa_57,MI0000458,chr17,-,58331232.0,58331318.0,2.0,4791.0
"hsa-mir-143, mature,MIMAT0000435",hsa-mir-143,Homo sapiens,hsa_102,MI0000459,chr5,+,149428918.0,149429023.0,2.0,1816.0
"hsa-mir-143, mature,MIMAT0004599",hsa-mir-143,Homo sapiens,hsa_102,MI0000459,chr5,+,149428918.0,149429023.0,2.0,1816.0
"hsa-mir-144, mature,MIMAT0000436",hsa-mir-144,Homo sapiens,hsa_54,MI0000460,chr17,-,28861533.0,28861618.0,4.0,362.0
"hsa-mir-144, mature,MIMAT0004600",hsa-mir-144,Homo sapiens,hsa_54,MI0000460,chr17,-,28861533.0,28861618.0,4.0,362.0
"hsa-mir-145, mature,MIMAT0000437",hsa-mir-145,Homo sapiens,hsa_102,MI0000461,chr5,+,149430646.0,149430733.0,2.0,1816.0
"hsa-mir-145, mature,MIMAT0004601",hsa-mir-145,Homo sapiens,hsa_102,MI0000461,chr5,+,149430646.0,149430733.0,2.0,1816.0
"hsa-mir-1468, mature,MIMAT0006789",hsa-mir-1468,,,,,,,,,
"hsa-mir-1469, mature,MIMAT0007347",hsa-mir-1469,,,,,,,,,
"hsa-mir-146a, mature,MIMAT0000449",hsa-mir-146a,,,,,,,,,
"hsa-mir-146a, mature,MIMAT0004608",hsa-mir-146a,,,,,,,,,
"hsa-mir-146b, mature,MIMAT0002809",hsa-mir-146b,,,,,,,,,
"hsa-mir-146b, mature,MIMAT0004766",hsa-mir-146b,,,,,,,,,
"hsa-mir-147a, mature,MIMAT0000251",hsa-mir-147a,,,,,,,,,
"hsa-mir-147b, mature,MIMAT0004928",hsa-mir-147b,,,,,,,,,
"hsa-mir-148a, mature,MIMAT0000243",hsa-mir-148a,,,,,,,,,
"hsa-mir-148a, mature,MIMAT0004549",hsa-mir-148a,,,,,,,,,
"hsa-mir-148b, mature,MIMAT0000759",hsa-mir-148b,,,,,,,,,
"hsa-mir-148b, mature,MIMAT0004699",hsa-mir-148b,,,,,,,,,
"hsa-mir-149, mature,MIMAT0000450",hsa-mir-149,,,,,,,,,
"hsa-mir-149, mature,MIMAT0004609",hsa-mir-149,,,,,,,,,
"hsa-mir-150, mature,MIMAT0000451",hsa-mir-150,,,,,,,,,
"hsa-mir-150, mature,MIMAT0004610",hsa-mir-150,,,,,,,,,
"hsa-mir-151a, mature,MIMAT0000757",hsa-mir-151a,,,,,,,,,
"hsa-mir-151a, mature,MIMAT0004697",hsa-mir-151a,,,,,,,,,
"hsa-mir-151b, mature,MIMAT0010214",hsa-mir-151b,Homo sapiens,hsa_32,MI0003772,chr14,-,100109419.0,100109514.0,2.0,335.0
"hsa-mir-152, mature,MIMAT0000438",hsa-mir-152,,,,,,,,,
"hsa-mir-152, mature,MIMAT0026479",hsa-mir-152,,,,,,,,,
"hsa-mir-153-1, mature,MIMAT0000439",hsa-mir-153-1,,,,,,,,,
"hsa-mir-153-2, mature,MIMAT0026480",hsa-mir-153-2,,,,,,,,,
"hsa-mir-1537, mature,MIMAT0007399",hsa-mir-1537,,,,,,,,,
"hsa-mir-1537, mature,MIMAT0026765",hsa-mir-1537,,,,,,,,,
"hsa-mir-1538, mature,MIMAT0007400",hsa-mir-1538,,,,,,,,,
"hsa-mir-154, mature,MIMAT0000452",hsa-mir-154,Homo sapiens,hsa_34,MI0000480,chr14,+,101059755.0,101059838.0,42.0,44736.0
"hsa-mir-154, mature,MIMAT0000453",hsa-mir-154,Homo sapiens,hsa_34,MI0000480,chr14,+,101059755.0,101059838.0,42.0,44736.0
"hsa-mir-155, mature,MIMAT0000646",hsa-mir-155,,,,,,,,,
"hsa-mir-155, mature,MIMAT0004658",hsa-mir-155,,,,,,,,,
"hsa-mir-1587, mature,MIMAT0019077",hsa-mir-1587,,,,,,,,,
"hsa-mir-15a, mature,MIMAT0000068",hsa-mir-15a,Homo sapiens,hsa_30,MI0000069,chr13,-,50049119.0,50049201.0,2.0,229.0
"hsa-mir-15a, mature,MIMAT0004488",hsa-mir-15a,Homo sapiens,hsa_30,MI0000069,chr13,-,50049119.0,50049201.0,2.0,229.0
"hsa-mir-15b, mature,MIMAT0000417",hsa-mir-15b,Homo sapiens,hsa_97,MI0000438,chr3,+,160404588.0,160404685.0,2.0,238.0
"hsa-mir-15b, mature,MIMAT0004586",hsa-mir-15b,Homo sapiens,hsa_97,MI0000438,chr3,+,160404588.0,160404685.0,2.0,238.0
"hsa-mir-16-1, mature,MIMAT0000069",hsa-mir-16-1,Homo sapiens,hsa_30,MI0000070,chr13,-,50048973.0,50049061.0,2.0,229.0
"hsa-mir-16-1, mature,MIMAT0004489",hsa-mir-16-1,Homo sapiens,hsa_30,MI0000070,chr13,-,50048973.0,50049061.0,2.0,229.0
"hsa-mir-16-2, mature,MIMAT0004518",hsa-mir-16-2,Homo sapiens,hsa_97,MI0000115,chr3,+,160404745.0,160404825.0,2.0,238.0
"hsa-mir-17, mature,MIMAT0000070",hsa-mir-17,Homo sapiens,hsa_31,MI0000071,chr13,+,91350605.0,91350688.0,6.0,787.0
"hsa-mir-17, mature,MIMAT0000071",hsa-mir-17,Homo sapiens,hsa_31,MI0000071,chr13,+,91350605.0,91350688.0,6.0,787.0
"hsa-mir-181a-1, mature,MIMAT0000256",hsa-mir-181a-1,Homo sapiens,hsa_11,MI0000289,chr1,-,198859044.0,198859153.0,2.0,281.0
"hsa-mir-181a-1, mature,MIMAT0000270",hsa-mir-181a-1,Homo sapiens,hsa_11,MI0000289,chr1,-,198859044.0,198859153.0,2.0,281.0
"hsa-mir-181a-2, mature,MIMAT0004558",hsa-mir-181a-2,Homo sapiens,hsa_131,MI0000269,chr9,+,124692442.0,124692551.0,2.0,1357.0
"hsa-mir-181b-1, mature,MIMAT0000257",hsa-mir-181b-1,Homo sapiens,hsa_11,MI0000270,chr1,-,198858873.0,198858982.0,2.0,281.0
"hsa-mir-181b-1, mature,MIMAT0022692",hsa-mir-181b-1,Homo sapiens,hsa_11,MI0000270,chr1,-,198858873.0,198858982.0,2.0,281.0
"hsa-mir-181b-2, mature,MIMAT0031893",hsa-mir-181b-2,Homo sapiens,hsa_131,MI0000683,chr9,+,124693710.0,124693798.0,2.0,1357.0
"hsa-mir-181c, mature,MIMAT0000258",hsa-mir-181c,Homo sapiens,hsa_69,MI0000271,chr19,+,13874699.0,13874808.0,2.0,313.0
"hsa-mir-181c, mature,MIMAT0004559",hsa-mir-181c,Homo sapiens,hsa_69,MI0000271,chr19,+,13874699.0,13874808.0,2.0,313.0
"hsa-mir-181d, mature,MIMAT0002821",hsa-mir-181d,Homo sapiens,hsa_69,MI0003139,chr19,+,13874875.0,13875011.0,2.0,313.0
"hsa-mir-181d, mature,MIMAT0026608",hsa-mir-181d,Homo sapiens,hsa_69,MI0003139,chr19,+,13874875.0,13875011.0,2.0,313.0
"hsa-mir-182, mature,MIMAT0000259",hsa-mir-182,Homo sapiens,hsa_115,MI0000272,chr7,-,129770383.0,129770492.0,3.0,4632.0
"hsa-mir-182, mature,MIMAT0000260",hsa-mir-182,Homo sapiens,hsa_115,MI0000272,chr7,-,129770383.0,129770492.0,3.0,4632.0
"hsa-mir-1825, mature,MIMAT0006765",hsa-mir-1825,,,,,,,,,
"hsa-mir-183, mature,MIMAT0000261",hsa-mir-183,Homo sapiens,hsa_115,MI0000273,chr7,-,129774905.0,129775014.0,3.0,4632.0
"hsa-mir-183, mature,MIMAT0004560",hsa-mir-183,Homo sapiens,hsa_115,MI0000273,chr7,-,129774905.0,129775014.0,3.0,4632.0
"hsa-mir-184, mature,MIMAT0000454",hsa-mir-184,,,,,,,,,
"hsa-mir-185, mature,MIMAT0000455",hsa-mir-185,,,,,,,,,
"hsa-mir-185, mature,MIMAT0004611",hsa-mir-185,,,,,,,,,
"hsa-mir-186, mature,MIMAT0000456",hsa-mir-186,,,,,,,,,
"hsa-mir-186, mature,MIMAT0004612",hsa-mir-186,,,,,,,,,
"hsa-mir-187, mature,MIMAT0000262",hsa-mir-187,,,,,,,,,
"hsa-mir-187, mature,MIMAT0004561",hsa-mir-187,,,,,,,,,
"hsa-mir-188, mature,MIMAT0000457",hsa-mir-188,Homo sapiens,hsa_137,MI0000484,chrX,+,50003503.0,50003588.0,8.0,11536.0
"hsa-mir-188, mature,MIMAT0004613",hsa-mir-188,Homo sapiens,hsa_137,MI0000484,chrX,+,50003503.0,50003588.0,8.0,11536.0
"hsa-mir-18a, mature,MIMAT0000072",hsa-mir-18a,Homo sapiens,hsa_31,MI0000072,chr13,+,91350751.0,91350821.0,6.0,787.0
"hsa-mir-18a, mature,MIMAT0002891",hsa-mir-18a,Homo sapiens,hsa_31,MI0000072,chr13,+,91350751.0,91350821.0,6.0,787.0
"hsa-mir-18b, mature,MIMAT0001412",hsa-mir-18b,Homo sapiens,hsa_144,MI0001518,chrX,-,134170041.0,134170111.0,6.0,901.0
"hsa-mir-18b, mature,MIMAT0004751",hsa-mir-18b,Homo sapiens,hsa_144,MI0001518,chrX,-,134170041.0,134170111.0,6.0,901.0
"hsa-mir-1908, mature,MIMAT0007881",hsa-mir-1908,,,,,,,,,
"hsa-mir-1908, mature,MIMAT0026916",hsa-mir-1908,,,,,,,,,
"hsa-mir-1909, mature,MIMAT0007882",hsa-mir-1909,,,,,,,,,
"hsa-mir-1909, mature,MIMAT0007883",hsa-mir-1909,,,,,,,,,
"hsa-mir-190a, mature,MIMAT0000458",hsa-mir-190a,,,,,,,,,
"hsa-mir-190a, mature,MIMAT0026482",hsa-mir-190a,,,,,,,,,
"hsa-mir-190b, mature,MIMAT0004929",hsa-mir-190b,,,,,,,,,
"hsa-mir-191, mature,MIMAT0000440",hsa-mir-191,Homo sapiens,hsa_96,MI0000465,chr3,-,49020618.0,49020709.0,2.0,562.0
"hsa-mir-191, mature,MIMAT0001618",hsa-mir-191,Homo sapiens,hsa_96,MI0000465,chr3,-,49020618.0,49020709.0,2.0,562.0
"hsa-mir-1910, mature,MIMAT0007884",hsa-mir-1910,,,,,,,,,
"hsa-mir-1910, mature,MIMAT0026917",hsa-mir-1910,,,,,,,,,
"hsa-mir-1911, mature,MIMAT0007885",hsa-mir-1911,,,,,,,,,
"hsa-mir-1911, mature,MIMAT0007886",hsa-mir-1911,,,,,,,,,
"hsa-mir-1912, mature,MIMAT0007887",hsa-mir-1912,Homo sapiens,hsa_143,MI0008333,chrX,+,114651544.0,114651623.0,2.0,1180.0
"hsa-mir-1913, mature,MIMAT0007888",hsa-mir-1913,,,,,,,,,
"hsa-mir-1914, mature,MIMAT0007889",hsa-mir-1914,Homo sapiens,hsa_86,MI0008335,chr20,-,63941465.0,63941544.0,2.0,1262.0
"hsa-mir-1914, mature,MIMAT0007890",hsa-mir-1914,Homo sapiens,hsa_86,MI0008335,chr20,-,63941465.0,63941544.0,2.0,1262.0
"hsa-mir-1915, mature,MIMAT0007891",hsa-mir-1915,,,,,,,,,
"hsa-mir-1915, mature,MIMAT0007892",hsa-mir-1915,,,,,,,,,
"hsa-mir-192, mature,MIMAT0000222",hsa-mir-192,Homo sapiens,hsa_20,MI0000234,chr11,-,64891137.0,64891246.0,4.0,11319.0
"hsa-mir-192, mature,MIMAT0004543",hsa-mir-192,Homo sapiens,hsa_20,MI0000234,chr11,-,64891137.0,64891246.0,4.0,11319.0
"hsa-mir-193a, mature,MIMAT0000459",hsa-mir-193a,,,,,,,,,
"hsa-mir-193a, mature,MIMAT0004614",hsa-mir-193a,,,,,,,,,
"hsa-mir-193b, mature,MIMAT0002819",hsa-mir-193b,Homo sapiens,hsa_42,MI0003137,chr16,+,14303967.0,14304049.0,2.0,5405.0
"hsa-mir-193b, mature,MIMAT0004767",hsa-mir-193b,Homo sapiens,hsa_42,MI0003137,chr16,+,14303967.0,14304049.0,2.0,5405.0
"hsa-mir-194-1, mature,MIMAT0000460",hsa-mir-194-1,Homo sapiens,hsa_13,MI0000488,chr1,-,220118157.0,220118241.0,2.0,389.0
"hsa-mir-194-2, mature,MIMAT0004671",hsa-mir-194-2,Homo sapiens,hsa_20,MI0000732,chr11,-,64891355.0,64891439.0,4.0,11319.0
"hsa-mir-195, mature,MIMAT0000461",hsa-mir-195,Homo sapiens,hsa_52,MI0000489,chr17,-,7017615.0,7017701.0,2.0,408.0
"hsa-mir-195, mature,MIMAT0004615",hsa-mir-195,Homo sapiens,hsa_52,MI0000489,chr17,-,7017615.0,7017701.0,2.0,408.0
"hsa-mir-196a-1, mature,MIMAT0000226",hsa-mir-196a-1,,,,,,,,,
"hsa-mir-196a-2, mature,MIMAT0004562",hsa-mir-196a-2,,,,,,,,,
"hsa-mir-196b, mature,MIMAT0001080",hsa-mir-196b,,,,,,,,,
"hsa-mir-196b, mature,MIMAT0009201",hsa-mir-196b,,,,,,,,,
"hsa-mir-197, mature,MIMAT0000227",hsa-mir-197,,,,,,,,,
"hsa-mir-197, mature,MIMAT0022691",hsa-mir-197,,,,,,,,,
"hsa-mir-1976, mature,MIMAT0009451",hsa-mir-1976,,,,,,,,,
"hsa-mir-198, mature,MIMAT0000228",hsa-mir-198,,,,,,,,,
"hsa-mir-199a-1, mature,MIMAT0000231",hsa-mir-199a-1,,,,,,,,,
"hsa-mir-199a-1, mature,MIMAT0000232",hsa-mir-199a-1,,,,,,,,,
"hsa-mir-199b, mature,MIMAT0000263",hsa-mir-199b,Homo sapiens,hsa_133,MI0000282,chr9,-,128244721.0,128244830.0,2.0,310.0
"hsa-mir-199b, mature,MIMAT0004563",hsa-mir-199b,Homo sapiens,hsa_133,MI0000282,chr9,-,128244721.0,128244830.0,2.0,310.0
"hsa-mir-19a, mature,MIMAT0000073",hsa-mir-19a,Homo sapiens,hsa_31,MI0000073,chr13,+,91350891.0,91350972.0,6.0,787.0
"hsa-mir-19a, mature,MIMAT0004490",hsa-mir-19a,Homo sapiens,hsa_31,MI0000073,chr13,+,91350891.0,91350972.0,6.0,787.0
"hsa-mir-19b-1, mature,MIMAT0000074",hsa-mir-19b-1,Homo sapiens,hsa_31,MI0000074,chr13,+,91351192.0,91351278.0,6.0,787.0
"hsa-mir-19b-1, mature,MIMAT0004491",hsa-mir-19b-1,Homo sapiens,hsa_31,MI0000074,chr13,+,91351192.0,91351278.0,6.0,787.0
"hsa-mir-19b-2, mature,MIMAT0004492",hsa-mir-19b-2,Homo sapiens,hsa_144,MI0000075,chrX,-,134169671.0,134169766.0,6.0,901.0
"hsa-mir-200a, mature,MIMAT0000682",hsa-mir-200a,Homo sapiens,hsa_1,MI0000737,chr1,+,1167863.0,1167952.0,3.0,1984.0
"hsa-mir-200a, mature,MIMAT0001620",hsa-mir-200a,Homo sapiens,hsa_1,MI0000737,chr1,+,1167863.0,1167952.0,3.0,1984.0
"hsa-mir-200b, mature,MIMAT0000318",hsa-mir-200b,Homo sapiens,hsa_1,MI0000342,chr1,+,1167104.0,1167198.0,3.0,1984.0
"hsa-mir-200b, mature,MIMAT0004571",hsa-mir-200b,Homo sapiens,hsa_1,MI0000342,chr1,+,1167104.0,1167198.0,3.0,1984.0
"hsa-mir-200c, mature,MIMAT0000617",hsa-mir-200c,Homo sapiens,hsa_24,MI0000650,chr12,+,6963699.0,6963766.0,2.0,493.0
"hsa-mir-200c, mature,MIMAT0004657",hsa-mir-200c,Homo sapiens,hsa_24,MI0000650,chr12,+,6963699.0,6963766.0,2.0,493.0
"hsa-mir-202, mature,MIMAT0002810",hsa-mir-202,,,,,,,,,
"hsa-mir-202, mature,MIMAT0002811",hsa-mir-202,,,,,,,,,
"hsa-mir-203a, mature,MIMAT0000264",hsa-mir-203a,Homo sapiens,hsa_35,MI0000283,chr14,+,104117405.0,104117514.0,2.0,99.0
"hsa-mir-203a, mature,MIMAT0031890",hsa-mir-203a,Homo sapiens,hsa_35,MI0000283,chr14,+,104117405.0,104117514.0,2.0,99.0
"hsa-mir-203b, mature,MIMAT0019814",hsa-mir-203b,Homo sapiens,hsa_35,MI0017343,chr14,-,104117418.0,104117503.0,2.0,99.0
"hsa-mir-204, mature,MIMAT0000265",hsa-mir-204,,,,,,,,,
"hsa-mir-204, mature,MIMAT0022693",hsa-mir-204,,,,,,,,,
"hsa-mir-205, mature,MIMAT0000266",hsa-mir-205,,,,,,,,,
"hsa-mir-205, mature,MIMAT0009197",hsa-mir-205,,,,,,,,,
"hsa-mir-206, mature,MIMAT0000462",hsa-mir-206,Homo sapiens,hsa_107,MI0000490,chr6,+,52144349.0,52144434.0,2.0,4693.0
"hsa-mir-208a, mature,MIMAT0000241",hsa-mir-208a,,,,,,,,,
"hsa-mir-208a, mature,MIMAT0026474",hsa-mir-208a,,,,,,,,,
"hsa-mir-208b, mature,MIMAT0004960",hsa-mir-208b,,,,,,,,,
"hsa-mir-208b, mature,MIMAT0026722",hsa-mir-208b,,,,,,,,,
"hsa-mir-20a, mature,MIMAT0000075",hsa-mir-20a,Homo sapiens,hsa_31,MI0000076,chr13,+,91351065.0,91351135.0,6.0,787.0
"hsa-mir-20a, mature,MIMAT0004493",hsa-mir-20a,Homo sapiens,hsa_31,MI0000076,chr13,+,91351065.0,91351135.0,6.0,787.0
"hsa-mir-20b, mature,MIMAT0001413",hsa-mir-20b,Homo sapiens,hsa_144,MI0001519,chrX,-,134169809.0,134169877.0,6.0,901.0
"hsa-mir-20b, mature,MIMAT0004752",hsa-mir-20b,Homo sapiens,hsa_144,MI0001519,chrX,-,134169809.0,134169877.0,6.0,901.0
"hsa-mir-21, mature,MIMAT0000076",hsa-mir-21,,,,,,,,,
"hsa-mir-21, mature,MIMAT0004494",hsa-mir-21,,,,,,,,,
"hsa-mir-210, mature,MIMAT0000267",hsa-mir-210,,,,,,,,,
"hsa-mir-210, mature,MIMAT0026475",hsa-mir-210,,,,,,,,,
"hsa-mir-211, mature,MIMAT0000268",hsa-mir-211,,,,,,,,,
"hsa-mir-211, mature,MIMAT0022694",hsa-mir-211,,,,,,,,,
"hsa-mir-2110, mature,MIMAT0010133",hsa-mir-2110,,,,,,,,,
"hsa-mir-2113, mature,MIMAT0009206",hsa-mir-2113,,,,,,,,,
"hsa-mir-2114, mature,MIMAT0011156",hsa-mir-2114,,,,,,,,,
"hsa-mir-2114, mature,MIMAT0011157",hsa-mir-2114,,,,,,,,,
"hsa-mir-2115, mature,MIMAT0011158",hsa-mir-2115,,,,,,,,,
"hsa-mir-2115, mature,MIMAT0011159",hsa-mir-2115,,,,,,,,,
"hsa-mir-2116, mature,MIMAT0011160",hsa-mir-2116,,,,,,,,,
"hsa-mir-2116, mature,MIMAT0011161",hsa-mir-2116,,,,,,,,,
"hsa-mir-2117, mature,MIMAT0011162",hsa-mir-2117,,,,,,,,,
"hsa-mir-212, mature,MIMAT0000269",hsa-mir-212,Homo sapiens,hsa_49,MI0000288,chr17,-,2050271.0,2050380.0,2.0,473.0
"hsa-mir-212, mature,MIMAT0022695",hsa-mir-212,Homo sapiens,hsa_49,MI0000288,chr17,-,2050271.0,2050380.0,2.0,473.0
"hsa-mir-214, mature,MIMAT0000271",hsa-mir-214,Homo sapiens,hsa_10,MI0000290,chr1,-,172138798.0,172138907.0,3.0,5847.0
"hsa-mir-214, mature,MIMAT0004564",hsa-mir-214,Homo sapiens,hsa_10,MI0000290,chr1,-,172138798.0,172138907.0,3.0,5847.0
"hsa-mir-215, mature,MIMAT0000272",hsa-mir-215,Homo sapiens,hsa_13,MI0000291,chr1,-,220117853.0,220117962.0,2.0,389.0
"hsa-mir-215, mature,MIMAT0026476",hsa-mir-215,Homo sapiens,hsa_13,MI0000291,chr1,-,220117853.0,220117962.0,2.0,389.0
"hsa-mir-216a, mature,MIMAT0000273",hsa-mir-216a,Homo sapiens,hsa_76,MI0000292,chr2,-,55988950.0,55989059.0,2.0,6093.0
"hsa-mir-216a, mature,MIMAT0022844",hsa-mir-216a,Homo sapiens,hsa_76,MI0000292,chr2,-,55988950.0,55989059.0,2.0,6093.0
"hsa-mir-216b, mature,MIMAT0004959",hsa-mir-216b,,,,,,,,,
"hsa-mir-216b, mature,MIMAT0026721",hsa-mir-216b,,,,,,,,,
"hsa-mir-217, mature,MIMAT0000274",hsa-mir-217,Homo sapiens,hsa_76,MI0000293,chr2,-,55982967.0,55983076.0,2.0,6093.0
"hsa-mir-218-1, mature,MIMAT0000275",hsa-mir-218-1,,,,,,,,,
"hsa-mir-218-1, mature,MIMAT0004565",hsa-mir-218-1,,,,,,,,,
"hsa-mir-218-2, mature,MIMAT0004566",hsa-mir-218-2,,,,,,,,,
"hsa-mir-219a-1, mature,MIMAT0000276",hsa-mir-219a-1,,,,,,,,,
"hsa-mir-219a-1, mature,MIMAT0004567",hsa-mir-219a-1,,,,,,,,,
"hsa-mir-219a-2, mature,MIMAT0004675",hsa-mir-219a-2,Homo sapiens,hsa_134,MI0000740,chr9,-,128392618.0,128392714.0,2.0,91.0
"hsa-mir-219b, mature,MIMAT0019747",hsa-mir-219b,Homo sapiens,hsa_134,MI0017299,chr9,+,128392621.0,128392708.0,2.0,91.0
"hsa-mir-219b, mature,MIMAT0019748",hsa-mir-219b,Homo sapiens,hsa_134,MI0017299,chr9,+,128392621.0,128392708.0,2.0,91.0
"hsa-mir-22, mature,MIMAT0000077",hsa-mir-22,,,,,,,,,
"hsa-mir-22, mature,MIMAT0004495",hsa-mir-22,,,,,,,,,
"hsa-mir-221, mature,MIMAT0000278",hsa-mir-221,Homo sapiens,hsa_136,MI0000298,chrX,-,45746157.0,45746266.0,2.0,968.0
"hsa-mir-221, mature,MIMAT0004568",hsa-mir-221,Homo sapiens,hsa_136,MI0000298,chrX,-,45746157.0,45746266.0,2.0,968.0
"hsa-mir-222, mature,MIMAT0000279",hsa-mir-222,Homo sapiens,hsa_136,MI0000299,chrX,-,45747015.0,45747124.0,2.0,968.0
"hsa-mir-222, mature,MIMAT0004569",hsa-mir-222,Homo sapiens,hsa_136,MI0000299,chrX,-,45747015.0,45747124.0,2.0,968.0
"hsa-mir-223, mature,MIMAT0000280",hsa-mir-223,,,,,,,,,
"hsa-mir-223, mature,MIMAT0004570",hsa-mir-223,,,,,,,,,
"hsa-mir-224, mature,MIMAT0000281",hsa-mir-224,Homo sapiens,hsa_151,MI0000301,chrX,-,151958578.0,151958658.0,2.0,1135.0
"hsa-mir-224, mature,MIMAT0009198",hsa-mir-224,Homo sapiens,hsa_151,MI0000301,chrX,-,151958578.0,151958658.0,2.0,1135.0
"hsa-mir-2276, mature,MIMAT0011775",hsa-mir-2276,,,,,,,,,
"hsa-mir-2276, mature,MIMAT0026921",hsa-mir-2276,,,,,,,,,
"hsa-mir-2277, mature,MIMAT0011777",hsa-mir-2277,,,,,,,,,
"hsa-mir-2277, mature,MIMAT0017352",hsa-mir-2277,,,,,,,,,
"hsa-mir-2278, mature,MIMAT0011778",hsa-mir-2278,,,,,,,,,
"hsa-mir-2355, mature,MIMAT0016895",hsa-mir-2355,,,,,,,,,
"hsa-mir-2355, mature,MIMAT0017950",hsa-mir-2355,,,,,,,,,
"hsa-mir-23a, mature,MIMAT0000078",hsa-mir-23a,Homo sapiens,hsa_68,MI0000079,chr19,-,13836587.0,13836659.0,3.0,373.0
"hsa-mir-23a, mature,MIMAT0004496",hsa-mir-23a,Homo sapiens,hsa_68,MI0000079,chr19,-,13836587.0,13836659.0,3.0,373.0
"hsa-mir-23b, mature,MIMAT0000418",hsa-mir-23b,Homo sapiens,hsa_130,MI0000439,chr9,+,95085208.0,95085304.0,4.0,881.0
"hsa-mir-23b, mature,MIMAT0004587",hsa-mir-23b,Homo sapiens,hsa_130,MI0000439,chr9,+,95085208.0,95085304.0,4.0,881.0
"hsa-mir-23c, mature,MIMAT0018000",hsa-mir-23c,,,,,,,,,
"hsa-mir-24-1, mature,MIMAT0000079",hsa-mir-24-1,Homo sapiens,hsa_130,MI0000080,chr9,+,95086021.0,95086088.0,4.0,881.0
"hsa-mir-24-1, mature,MIMAT0000080",hsa-mir-24-1,Homo sapiens,hsa_130,MI0000080,chr9,+,95086021.0,95086088.0,4.0,881.0
"hsa-mir-24-2, mature,MIMAT0004497",hsa-mir-24-2,Homo sapiens,hsa_68,MI0000081,chr19,-,13836287.0,13836359.0,3.0,373.0
"hsa-mir-2467, mature,MIMAT0019952",hsa-mir-2467,,,,,,,,,
"hsa-mir-25, mature,MIMAT0000081",hsa-mir-25,Homo sapiens,hsa_113,MI0000082,chr7,-,100093560.0,100093643.0,3.0,515.0
"hsa-mir-25, mature,MIMAT0004498",hsa-mir-25,Homo sapiens,hsa_113,MI0000082,chr7,-,100093560.0,100093643.0,3.0,515.0
"hsa-mir-2681, mature,MIMAT0013515",hsa-mir-2681,,,,,,,,,
"hsa-mir-2681, mature,MIMAT0013516",hsa-mir-2681,,,,,,,,,
"hsa-mir-2682, mature,MIMAT0013517",hsa-mir-2682,Homo sapiens,hsa_7,MI0012063,chr1,-,98045242.0,98045351.0,2.0,930.0
"hsa-mir-2682, mature,MIMAT0013518",hsa-mir-2682,Homo sapiens,hsa_7,MI0012063,chr1,-,98045242.0,98045351.0,2.0,930.0
"hsa-mir-26a-1, mature,MIMAT0000082",hsa-mir-26a-1,,,,,,,,,
"hsa-mir-26a-1, mature,MIMAT0004499",hsa-mir-26a-1,,,,,,,,,
"hsa-mir-26a-2, mature,MIMAT0004681",hsa-mir-26a-2,,,,,,,,,
"hsa-mir-26b, mature,MIMAT0000083",hsa-mir-26b,,,,,,,,,
"hsa-mir-26b, mature,MIMAT0004500",hsa-mir-26b,,,,,,,,,
"hsa-mir-27a, mature,MIMAT0000084",hsa-mir-27a,Homo sapiens,hsa_68,MI0000085,chr19,-,13836440.0,13836517.0,3.0,373.0
"hsa-mir-27a, mature,MIMAT0004501",hsa-mir-27a,Homo sapiens,hsa_68,MI0000085,chr19,-,13836440.0,13836517.0,3.0,373.0
"hsa-mir-27b, mature,MIMAT0000419",hsa-mir-27b,Homo sapiens,hsa_130,MI0000440,chr9,+,95085445.0,95085541.0,4.0,881.0
"hsa-mir-27b, mature,MIMAT0004588",hsa-mir-27b,Homo sapiens,hsa_130,MI0000440,chr9,+,95085445.0,95085541.0,4.0,881.0
"hsa-mir-28, mature,MIMAT0000085",hsa-mir-28,,,,,,,,,
"hsa-mir-28, mature,MIMAT0004502",hsa-mir-28,,,,,,,,,
"hsa-mir-296, mature,MIMAT0000690",hsa-mir-296,Homo sapiens,hsa_84,MI0000747,chr20,-,58817615.0,58817694.0,2.0,699.0
"hsa-mir-296, mature,MIMAT0004679",hsa-mir-296,Homo sapiens,hsa_84,MI0000747,chr20,-,58817615.0,58817694.0,2.0,699.0
"hsa-mir-299, mature,MIMAT0000687",hsa-mir-299,Homo sapiens,hsa_34,MI0000744,chr14,+,101023794.0,101023856.0,42.0,44736.0
"hsa-mir-299, mature,MIMAT0002890",hsa-mir-299,Homo sapiens,hsa_34,MI0000744,chr14,+,101023794.0,101023856.0,42.0,44736.0
"hsa-mir-29a, mature,MIMAT0000086",hsa-mir-29a,Homo sapiens,hsa_116,MI0000087,chr7,-,130876747.0,130876810.0,2.0,793.0
"hsa-mir-29a, mature,MIMAT0004503",hsa-mir-29a,Homo sapiens,hsa_116,MI0000087,chr7,-,130876747.0,130876810.0,2.0,793.0
"hsa-mir-29b-1, mature,MIMAT0000100",hsa-mir-29b-1,Homo sapiens,hsa_116,MI0000105,chr7,-,130877459.0,130877539.0,2.0,793.0
"hsa-mir-29b-1, mature,MIMAT0004514",hsa-mir-29b-1,Homo sapiens,hsa_116,MI0000105,chr7,-,130877459.0,130877539.0,2.0,793.0
"hsa-mir-29b-2, mature,MIMAT0004515",hsa-mir-29b-2,Homo sapiens,hsa_12,MI0000107,chr1,-,207802443.0,207802523.0,2.0,672.0
"hsa-mir-29c, mature,MIMAT0000681",hsa-mir-29c,Homo sapiens,hsa_12,MI0000735,chr1,-,207801852.0,207801939.0,2.0,672.0
"hsa-mir-29c, mature,MIMAT0004673",hsa-mir-29c,Homo sapiens,hsa_12,MI0000735,chr1,-,207801852.0,207801939.0,2.0,672.0
"hsa-mir-300, mature,MIMAT0004903",hsa-mir-300,Homo sapiens,hsa_34,MI0005525,chr14,+,101041363.0,101041445.0,42.0,44736.0
"hsa-mir-301a, mature,MIMAT0000688",hsa-mir-301a,,,,,,,,,
"hsa-mir-301a, mature,MIMAT0022696",hsa-mir-301a,,,,,,,,,
"hsa-mir-301b, mature,MIMAT0004958",hsa-mir-301b,Homo sapiens,hsa_91,MI0005568,chr22,+,21652981.0,21653058.0,2.0,405.0
"hsa-mir-301b, mature,MIMAT0032026",hsa-mir-301b,Homo sapiens,hsa_91,MI0005568,chr22,+,21652981.0,21653058.0,2.0,405.0
"hsa-mir-302a, mature,MIMAT0000683",hsa-mir-302a,Homo sapiens,hsa_99,MI0000738,chr4,-,112648183.0,112648251.0,5.0,684.0
"hsa-mir-302a, mature,MIMAT0000684",hsa-mir-302a,Homo sapiens,hsa_99,MI0000738,chr4,-,112648183.0,112648251.0,5.0,684.0
"hsa-mir-302b, mature,MIMAT0000714",hsa-mir-302b,Homo sapiens,hsa_99,MI0000772,chr4,-,112648485.0,112648557.0,5.0,684.0
"hsa-mir-302b, mature,MIMAT0000715",hsa-mir-302b,Homo sapiens,hsa_99,MI0000772,chr4,-,112648485.0,112648557.0,5.0,684.0
"hsa-mir-302c, mature,MIMAT0000716",hsa-mir-302c,Homo sapiens,hsa_99,MI0000773,chr4,-,112648363.0,112648430.0,5.0,684.0
"hsa-mir-302c, mature,MIMAT0000717",hsa-mir-302c,Homo sapiens,hsa_99,MI0000773,chr4,-,112648363.0,112648430.0,5.0,684.0
"hsa-mir-302d, mature,MIMAT0000718",hsa-mir-302d,Homo sapiens,hsa_99,MI0000774,chr4,-,112648004.0,112648071.0,5.0,684.0
"hsa-mir-302d, mature,MIMAT0004685",hsa-mir-302d,Homo sapiens,hsa_99,MI0000774,chr4,-,112648004.0,112648071.0,5.0,684.0
"hsa-mir-302e, mature,MIMAT0005931",hsa-mir-302e,,,,,,,,,
"hsa-mir-3064, mature,MIMAT0019864",hsa-mir-3064,Homo sapiens,hsa_58,MI0017375,chr17,-,64500774.0,64500839.0,2.0,540.0
"hsa-mir-3064, mature,MIMAT0019865",hsa-mir-3064,Homo sapiens,hsa_58,MI0017375,chr17,-,64500774.0,64500839.0,2.0,540.0
"hsa-mir-3065, mature,MIMAT0015066",hsa-mir-3065,Homo sapiens,hsa_61,MI0014228,chr17,+,81125877.0,81125955.0,4.0,8033.0
"hsa-mir-3065, mature,MIMAT0015378",hsa-mir-3065,Homo sapiens,hsa_61,MI0014228,chr17,+,81125877.0,81125955.0,4.0,8033.0
"hsa-mir-3074, mature,MIMAT0015027",hsa-mir-3074,Homo sapiens,hsa_130,MI0014181,chr9,-,95086014.0,95086094.0,4.0,881.0
"hsa-mir-3074, mature,MIMAT0019208",hsa-mir-3074,Homo sapiens,hsa_130,MI0014181,chr9,-,95086014.0,95086094.0,4.0,881.0
"hsa-mir-30a, mature,MIMAT0000087",hsa-mir-30a,,,,,,,,,
"hsa-mir-30a, mature,MIMAT0000088",hsa-mir-30a,,,,,,,,,
"hsa-mir-30b, mature,MIMAT0000420",hsa-mir-30b,Homo sapiens,hsa_126,MI0000441,chr8,-,134800520.0,134800607.0,2.0,4426.0
"hsa-mir-30b, mature,MIMAT0004589",hsa-mir-30b,Homo sapiens,hsa_126,MI0000441,chr8,-,134800520.0,134800607.0,2.0,4426.0
"hsa-mir-30c-1, mature,MIMAT0000244",hsa-mir-30c-1,Homo sapiens,hsa_2,MI0000736,chr1,+,40757284.0,40757372.0,2.0,3018.0
"hsa-mir-30c-1, mature,MIMAT0004674",hsa-mir-30c-1,Homo sapiens,hsa_2,MI0000736,chr1,+,40757284.0,40757372.0,2.0,3018.0
"hsa-mir-30c-2, mature,MIMAT0004550",hsa-mir-30c-2,,,,,,,,,
"hsa-mir-30d, mature,MIMAT0000245",hsa-mir-30d,Homo sapiens,hsa_126,MI0000255,chr8,-,134804876.0,134804945.0,2.0,4426.0
"hsa-mir-30d, mature,MIMAT0004551",hsa-mir-30d,Homo sapiens,hsa_126,MI0000255,chr8,-,134804876.0,134804945.0,2.0,4426.0
"hsa-mir-30e, mature,MIMAT0000692",hsa-mir-30e,Homo sapiens,hsa_2,MI0000749,chr1,+,40754355.0,40754446.0,2.0,3018.0
"hsa-mir-30e, mature,MIMAT0000693",hsa-mir-30e,Homo sapiens,hsa_2,MI0000749,chr1,+,40754355.0,40754446.0,2.0,3018.0
"hsa-mir-31, mature,MIMAT0000089",hsa-mir-31,,,,,,,,,
"hsa-mir-31, mature,MIMAT0004504",hsa-mir-31,,,,,,,,,
"hsa-mir-3115, mature,MIMAT0014977",hsa-mir-3115,,,,,,,,,
"hsa-mir-3116-1, mature,MIMAT0014978",hsa-mir-3116-1,Homo sapiens,hsa_5,MI0014128,chr1,+,62078786.0,62078859.0,2.0,71.0
"hsa-mir-3117, mature,MIMAT0014979",hsa-mir-3117,,,,,,,,,
"hsa-mir-3117, mature,MIMAT0019197",hsa-mir-3117,,,,,,,,,
"hsa-mir-3119-2, mature,MIMAT0014981",hsa-mir-3119-2,Homo sapiens,hsa_8,MI0014135,chr1,+,170151378.0,170151462.0,2.0,85.0
"hsa-mir-3120, mature,MIMAT0014982",hsa-mir-3120,Homo sapiens,hsa_10,MI0014136,chr1,+,172138808.0,172138888.0,3.0,5847.0
"hsa-mir-3120, mature,MIMAT0019198",hsa-mir-3120,Homo sapiens,hsa_10,MI0014136,chr1,+,172138808.0,172138888.0,3.0,5847.0
"hsa-mir-3121, mature,MIMAT0014983",hsa-mir-3121,,,,,,,,,
"hsa-mir-3121, mature,MIMAT0019199",hsa-mir-3121,,,,,,,,,
"hsa-mir-3124, mature,MIMAT0014986",hsa-mir-3124,,,,,,,,,
"hsa-mir-3124, mature,MIMAT0019200",hsa-mir-3124,,,,,,,,,
"hsa-mir-3125, mature,MIMAT0014988",hsa-mir-3125,,,,,,,,,
"hsa-mir-3126, mature,MIMAT0014989",hsa-mir-3126,,,,,,,,,
"hsa-mir-3126, mature,MIMAT0015377",hsa-mir-3126,,,,,,,,,
"hsa-mir-3127, mature,MIMAT0014990",hsa-mir-3127,,,,,,,,,
"hsa-mir-3127, mature,MIMAT0019201",hsa-mir-3127,,,,,,,,,
"hsa-mir-3128, mature,MIMAT0014991",hsa-mir-3128,,,,,,,,,
"hsa-mir-3129, mature,MIMAT0014992",hsa-mir-3129,,,,,,,,,
"hsa-mir-3129, mature,MIMAT0019202",hsa-mir-3129,,,,,,,,,
"hsa-mir-3130-1, mature,MIMAT0014994",hsa-mir-3130-1,Homo sapiens,hsa_80,MI0014147,chr2,-,206783234.0,206783308.0,2.0,75.0
"hsa-mir-3130-1, mature,MIMAT0014995",hsa-mir-3130-1,Homo sapiens,hsa_80,MI0014147,chr2,-,206783234.0,206783308.0,2.0,75.0
"hsa-mir-3131, mature,MIMAT0014996",hsa-mir-3131,,,,,,,,,
"hsa-mir-3132, mature,MIMAT0014997",hsa-mir-3132,,,,,,,,,
"hsa-mir-3133, mature,MIMAT0014998",hsa-mir-3133,,,,,,,,,
"hsa-mir-3135a, mature,MIMAT0015001",hsa-mir-3135a,,,,,,,,,
"hsa-mir-3136, mature,MIMAT0015003",hsa-mir-3136,,,,,,,,,
"hsa-mir-3136, mature,MIMAT0019203",hsa-mir-3136,,,,,,,,,
"hsa-mir-3137, mature,MIMAT0015005",hsa-mir-3137,,,,,,,,,
"hsa-mir-3138, mature,MIMAT0015006",hsa-mir-3138,,,,,,,,,
"hsa-mir-3139, mature,MIMAT0015007",hsa-mir-3139,,,,,,,,,
"hsa-mir-3140, mature,MIMAT0015008",hsa-mir-3140,,,,,,,,,
"hsa-mir-3140, mature,MIMAT0019204",hsa-mir-3140,,,,,,,,,
"hsa-mir-3141, mature,MIMAT0015010",hsa-mir-3141,,,,,,,,,
"hsa-mir-3142, mature,MIMAT0015011",hsa-mir-3142,,,,,,,,,
"hsa-mir-3143, mature,MIMAT0015012",hsa-mir-3143,,,,,,,,,
"hsa-mir-3144, mature,MIMAT0015014",hsa-mir-3144,,,,,,,,,
"hsa-mir-3144, mature,MIMAT0015015",hsa-mir-3144,,,,,,,,,
"hsa-mir-3145, mature,MIMAT0015016",hsa-mir-3145,,,,,,,,,
"hsa-mir-3145, mature,MIMAT0019205",hsa-mir-3145,,,,,,,,,
"hsa-mir-3146, mature,MIMAT0015018",hsa-mir-3146,,,,,,,,,
"hsa-mir-3147, mature,MIMAT0015019",hsa-mir-3147,,,,,,,,,
"hsa-mir-3148, mature,MIMAT0015021",hsa-mir-3148,,,,,,,,,
"hsa-mir-3149, mature,MIMAT0015022",hsa-mir-3149,,,,,,,,,
"hsa-mir-3150a, mature,MIMAT0015023",hsa-mir-3150a,Homo sapiens,hsa_122,MI0014177,chr8,+,95072914.0,95072993.0,2.0,83.0
"hsa-mir-3150a, mature,MIMAT0019206",hsa-mir-3150a,Homo sapiens,hsa_122,MI0014177,chr8,+,95072914.0,95072993.0,2.0,83.0
"hsa-mir-3150b, mature,MIMAT0018194",hsa-mir-3150b,Homo sapiens,hsa_122,MI0016426,chr8,-,95072911.0,95072996.0,2.0,83.0
"hsa-mir-3150b, mature,MIMAT0019226",hsa-mir-3150b,Homo sapiens,hsa_122,MI0016426,chr8,-,95072911.0,95072996.0,2.0,83.0
"hsa-mir-3151, mature,MIMAT0015024",hsa-mir-3151,,,,,,,,,
"hsa-mir-3152, mature,MIMAT0015025",hsa-mir-3152,,,,,,,,,
"hsa-mir-3152, mature,MIMAT0019207",hsa-mir-3152,,,,,,,,,
"hsa-mir-3153, mature,MIMAT0015026",hsa-mir-3153,,,,,,,,,
"hsa-mir-3154, mature,MIMAT0015028",hsa-mir-3154,Homo sapiens,hsa_133,MI0014182,chr9,-,128244947.0,128245030.0,2.0,310.0
"hsa-mir-3155a, mature,MIMAT0015029",hsa-mir-3155a,Homo sapiens,hsa_14,MI0014183,chr10,+,6152196.0,6152277.0,2.0,67.0
"hsa-mir-3155b, mature,MIMAT0019012",hsa-mir-3155b,Homo sapiens,hsa_14,MI0016839,chr10,-,6152207.0,6152262.0,2.0,67.0
"hsa-mir-3156-1, mature,MIMAT0015030",hsa-mir-3156-1,,,,,,,,,
"hsa-mir-3156-1, mature,MIMAT0019209",hsa-mir-3156-1,,,,,,,,,
"hsa-mir-3157, mature,MIMAT0015031",hsa-mir-3157,,,,,,,,,
"hsa-mir-3157, mature,MIMAT0019210",hsa-mir-3157,,,,,,,,,
"hsa-mir-3158-1, mature,MIMAT0015032",hsa-mir-3158-1,Homo sapiens,hsa_16,MI0014186,chr10,+,101601417.0,101601497.0,2.0,81.0
"hsa-mir-3158-1, mature,MIMAT0019211",hsa-mir-3158-1,Homo sapiens,hsa_16,MI0014186,chr10,+,101601417.0,101601497.0,2.0,81.0
"hsa-mir-3159, mature,MIMAT0015033",hsa-mir-3159,,,,,,,,,
"hsa-mir-3160-1, mature,MIMAT0015034",hsa-mir-3160-1,Homo sapiens,hsa_18,MI0014189,chr11,-,46451805.0,46451889.0,2.0,83.0
"hsa-mir-3160-1, mature,MIMAT0019212",hsa-mir-3160-1,Homo sapiens,hsa_18,MI0014189,chr11,-,46451805.0,46451889.0,2.0,83.0
"hsa-mir-3161, mature,MIMAT0015035",hsa-mir-3161,,,,,,,,,
"hsa-mir-3162, mature,MIMAT0015036",hsa-mir-3162,,,,,,,,,
"hsa-mir-3162, mature,MIMAT0019213",hsa-mir-3162,,,,,,,,,
"hsa-mir-3163, mature,MIMAT0015037",hsa-mir-3163,,,,,,,,,
"hsa-mir-3164, mature,MIMAT0015038",hsa-mir-3164,,,,,,,,,
"hsa-mir-3165, mature,MIMAT0015039",hsa-mir-3165,,,,,,,,,
"hsa-mir-3166, mature,MIMAT0015040",hsa-mir-3166,,,,,,,,,
"hsa-mir-3167, mature,MIMAT0015042",hsa-mir-3167,,,,,,,,,
"hsa-mir-3169, mature,MIMAT0015044",hsa-mir-3169,,,,,,,,,
"hsa-mir-3170, mature,MIMAT0015045",hsa-mir-3170,,,,,,,,,
"hsa-mir-3171, mature,MIMAT0015046",hsa-mir-3171,,,,,,,,,
"hsa-mir-3173, mature,MIMAT0015048",hsa-mir-3173,,,,,,,,,
"hsa-mir-3173, mature,MIMAT0019214",hsa-mir-3173,,,,,,,,,
"hsa-mir-3174, mature,MIMAT0015051",hsa-mir-3174,,,,,,,,,
"hsa-mir-3175, mature,MIMAT0015052",hsa-mir-3175,,,,,,,,,
"hsa-mir-3176, mature,MIMAT0015053",hsa-mir-3176,Homo sapiens,hsa_39,MI0014210,chr16,+,543277.0,543366.0,2.0,8051.0
"hsa-mir-3177, mature,MIMAT0015054",hsa-mir-3177,,,,,,,,,
"hsa-mir-3177, mature,MIMAT0019215",hsa-mir-3177,,,,,,,,,
"hsa-mir-3178, mature,MIMAT0015055",hsa-mir-3178,,,,,,,,,
"hsa-mir-3180-5, mature,MIMAT0018178",hsa-mir-3180-5,Homo sapiens,hsa_40,MI0016409,chr16,-,2135977.0,2136129.0,2.0,3011.0
"hsa-mir-3181, mature,MIMAT0015061",hsa-mir-3181,,,,,,,,,
"hsa-mir-3182, mature,MIMAT0015062",hsa-mir-3182,,,,,,,,,
"hsa-mir-3183, mature,MIMAT0015063",hsa-mir-3183,,,,,,,,,
"hsa-mir-3184, mature,MIMAT0015064",hsa-mir-3184,Homo sapiens,hsa_55,MI0014226,chr17,-,30117086.0,30117160.0,2.0,82.0
"hsa-mir-3184, mature,MIMAT0022731",hsa-mir-3184,Homo sapiens,hsa_55,MI0014226,chr17,-,30117086.0,30117160.0,2.0,82.0
"hsa-mir-3185, mature,MIMAT0015065",hsa-mir-3185,,,,,,,,,
"hsa-mir-3186, mature,MIMAT0015067",hsa-mir-3186,,,,,,,,,
"hsa-mir-3187, mature,MIMAT0015069",hsa-mir-3187,Homo sapiens,hsa_65,MI0014231,chr19,+,813584.0,813653.0,2.0,8714.0
"hsa-mir-3187, mature,MIMAT0019216",hsa-mir-3187,Homo sapiens,hsa_65,MI0014231,chr19,+,813584.0,813653.0,2.0,8714.0
"hsa-mir-3188, mature,MIMAT0015070",hsa-mir-3188,,,,,,,,,
"hsa-mir-3189, mature,MIMAT0015071",hsa-mir-3189,,,,,,,,,
"hsa-mir-3189, mature,MIMAT0019217",hsa-mir-3189,,,,,,,,,
"hsa-mir-3190, mature,MIMAT0015073",hsa-mir-3190,Homo sapiens,hsa_71,MI0014235,chr19,+,47226942.0,47227021.0,2.0,78.0
"hsa-mir-3190, mature,MIMAT0022839",hsa-mir-3190,Homo sapiens,hsa_71,MI0014235,chr19,+,47226942.0,47227021.0,2.0,78.0
"hsa-mir-3191, mature,MIMAT0015075",hsa-mir-3191,Homo sapiens,hsa_71,MI0014236,chr19,-,47226944.0,47227019.0,2.0,78.0
"hsa-mir-3191, mature,MIMAT0022732",hsa-mir-3191,Homo sapiens,hsa_71,MI0014236,chr19,-,47226944.0,47227019.0,2.0,78.0
"hsa-mir-3192, mature,MIMAT0015076",hsa-mir-3192,,,,,,,,,
"hsa-mir-3192, mature,MIMAT0027027",hsa-mir-3192,,,,,,,,,
"hsa-mir-3193, mature,MIMAT0015077",hsa-mir-3193,,,,,,,,,
"hsa-mir-3194, mature,MIMAT0015078",hsa-mir-3194,,,,,,,,,
"hsa-mir-3194, mature,MIMAT0019218",hsa-mir-3194,,,,,,,,,
"hsa-mir-3195, mature,MIMAT0015079",hsa-mir-3195,,,,,,,,,
"hsa-mir-3196, mature,MIMAT0015080",hsa-mir-3196,,,,,,,,,
"hsa-mir-3197, mature,MIMAT0015082",hsa-mir-3197,,,,,,,,,
"hsa-mir-3198-1, mature,MIMAT0015083",hsa-mir-3198-1,,,,,,,,,
"hsa-mir-3199-1, mature,MIMAT0015084",hsa-mir-3199-1,Homo sapiens,hsa_92,MI0014247,chr22,-,27920525.0,27920612.0,2.0,87.0
"hsa-mir-32, mature,MIMAT0000090",hsa-mir-32,,,,,,,,,
"hsa-mir-32, mature,MIMAT0004505",hsa-mir-32,,,,,,,,,
"hsa-mir-3200, mature,MIMAT0015085",hsa-mir-3200,,,,,,,,,
"hsa-mir-3200, mature,MIMAT0017392",hsa-mir-3200,,,,,,,,,
"hsa-mir-3202-1, mature,MIMAT0015089",hsa-mir-3202-1,Homo sapiens,hsa_153,MI0014252,chrX,+,153981097.0,153981177.0,2.0,80.0
"hsa-mir-320a, mature,MIMAT0000510",hsa-mir-320a,,,,,,,,,
"hsa-mir-320b-1, mature,MIMAT0005792",hsa-mir-320b-1,,,,,,,,,
"hsa-mir-320c-1, mature,MIMAT0005793",hsa-mir-320c-1,,,,,,,,,
"hsa-mir-320d-1, mature,MIMAT0006764",hsa-mir-320d-1,,,,,,,,,
"hsa-mir-320e, mature,MIMAT0015072",hsa-mir-320e,,,,,,,,,
"hsa-mir-323a, mature,MIMAT0000755",hsa-mir-323a,Homo sapiens,hsa_34,MI0000807,chr14,+,101025732.0,101025817.0,42.0,44736.0
"hsa-mir-323a, mature,MIMAT0004696",hsa-mir-323a,Homo sapiens,hsa_34,MI0000807,chr14,+,101025732.0,101025817.0,42.0,44736.0
"hsa-mir-323b, mature,MIMAT0001630",hsa-mir-323b,Homo sapiens,hsa_34,MI0014206,chr14,+,101056219.0,101056300.0,42.0,44736.0
"hsa-mir-323b, mature,MIMAT0015050",hsa-mir-323b,Homo sapiens,hsa_34,MI0014206,chr14,+,101056219.0,101056300.0,42.0,44736.0
"hsa-mir-324, mature,MIMAT0000761",hsa-mir-324,,,,,,,,,
"hsa-mir-324, mature,MIMAT0000762",hsa-mir-324,,,,,,,,,
"hsa-mir-326, mature,MIMAT0000756",hsa-mir-326,,,,,,,,,
"hsa-mir-328, mature,MIMAT0000752",hsa-mir-328,,,,,,,,,
"hsa-mir-328, mature,MIMAT0026486",hsa-mir-328,,,,,,,,,
"hsa-mir-329-1, mature,MIMAT0001629",hsa-mir-329-1,Homo sapiens,hsa_34,MI0001725,chr14,+,101026785.0,101026864.0,42.0,44736.0
"hsa-mir-329-1, mature,MIMAT0026555",hsa-mir-329-1,Homo sapiens,hsa_34,MI0001725,chr14,+,101026785.0,101026864.0,42.0,44736.0
"hsa-mir-330, mature,MIMAT0000751",hsa-mir-330,,,,,,,,,
"hsa-mir-330, mature,MIMAT0004693",hsa-mir-330,,,,,,,,,
"hsa-mir-331, mature,MIMAT0000760",hsa-mir-331,Homo sapiens,hsa_29,MI0000812,chr12,+,95308420.0,95308513.0,2.0,1565.0
"hsa-mir-331, mature,MIMAT0004700",hsa-mir-331,Homo sapiens,hsa_29,MI0000812,chr12,+,95308420.0,95308513.0,2.0,1565.0
"hsa-mir-335, mature,MIMAT0000765",hsa-mir-335,,,,,,,,,
"hsa-mir-335, mature,MIMAT0004703",hsa-mir-335,,,,,,,,,
"hsa-mir-337, mature,MIMAT0000754",hsa-mir-337,Homo sapiens,hsa_33,MI0000806,chr14,+,100874493.0,100874585.0,8.0,15724.0
"hsa-mir-337, mature,MIMAT0004695",hsa-mir-337,Homo sapiens,hsa_33,MI0000806,chr14,+,100874493.0,100874585.0,8.0,15724.0
"hsa-mir-338, mature,MIMAT0000763",hsa-mir-338,Homo sapiens,hsa_61,MI0000814,chr17,-,81125883.0,81125949.0,4.0,8033.0
"hsa-mir-338, mature,MIMAT0004701",hsa-mir-338,Homo sapiens,hsa_61,MI0000814,chr17,-,81125883.0,81125949.0,4.0,8033.0
"hsa-mir-339, mature,MIMAT0000764",hsa-mir-339,,,,,,,,,
"hsa-mir-339, mature,MIMAT0004702",hsa-mir-339,,,,,,,,,
"hsa-mir-33a, mature,MIMAT0000091",hsa-mir-33a,,,,,,,,,
"hsa-mir-33a, mature,MIMAT0004506",hsa-mir-33a,,,,,,,,,
"hsa-mir-33b, mature,MIMAT0003301",hsa-mir-33b,Homo sapiens,hsa_53,MI0003646,chr17,-,17813836.0,17813931.0,2.0,452.0
"hsa-mir-33b, mature,MIMAT0004811",hsa-mir-33b,Homo sapiens,hsa_53,MI0003646,chr17,-,17813836.0,17813931.0,2.0,452.0
"hsa-mir-340, mature,MIMAT0000750",hsa-mir-340,,,,,,,,,
"hsa-mir-340, mature,MIMAT0004692",hsa-mir-340,,,,,,,,,
"hsa-mir-342, mature,MIMAT0000753",hsa-mir-342,Homo sapiens,hsa_32,MI0000805,chr14,+,100109655.0,100109753.0,2.0,335.0
"hsa-mir-342, mature,MIMAT0004694",hsa-mir-342,Homo sapiens,hsa_32,MI0000805,chr14,+,100109655.0,100109753.0,2.0,335.0
"hsa-mir-345, mature,MIMAT0000772",hsa-mir-345,,,,,,,,,
"hsa-mir-345, mature,MIMAT0022698",hsa-mir-345,,,,,,,,,
"hsa-mir-346, mature,MIMAT0000773",hsa-mir-346,,,,,,,,,
"hsa-mir-34a, mature,MIMAT0000255",hsa-mir-34a,,,,,,,,,
"hsa-mir-34a, mature,MIMAT0004557",hsa-mir-34a,,,,,,,,,
"hsa-mir-34b, mature,MIMAT0000685",hsa-mir-34b,Homo sapiens,hsa_22,MI0000742,chr11,+,111512938.0,111513021.0,2.0,578.0
"hsa-mir-34b, mature,MIMAT0004676",hsa-mir-34b,Homo sapiens,hsa_22,MI0000742,chr11,+,111512938.0,111513021.0,2.0,578.0
"hsa-mir-34c, mature,MIMAT0000686",hsa-mir-34c,Homo sapiens,hsa_22,MI0000743,chr11,+,111513439.0,111513515.0,2.0,578.0
"hsa-mir-34c, mature,MIMAT0004677",hsa-mir-34c,Homo sapiens,hsa_22,MI0000743,chr11,+,111513439.0,111513515.0,2.0,578.0
"hsa-mir-3529, mature,MIMAT0019828",hsa-mir-3529,Homo sapiens,hsa_38,MI0017351,chr15,-,88611847.0,88611924.0,3.0,3818.0
"hsa-mir-3529, mature,MIMAT0022741",hsa-mir-3529,Homo sapiens,hsa_38,MI0017351,chr15,-,88611847.0,88611924.0,3.0,3818.0
"hsa-mir-3591, mature,MIMAT0019876",hsa-mir-3591,Homo sapiens,hsa_64,MI0017383,chr18,-,58451080.0,58451152.0,2.0,79.0
"hsa-mir-3591, mature,MIMAT0019877",hsa-mir-3591,Homo sapiens,hsa_64,MI0017383,chr18,-,58451080.0,58451152.0,2.0,79.0
"hsa-mir-3605, mature,MIMAT0017981",hsa-mir-3605,,,,,,,,,
"hsa-mir-3605, mature,MIMAT0017982",hsa-mir-3605,,,,,,,,,
"hsa-mir-3606, mature,MIMAT0017983",hsa-mir-3606,,,,,,,,,
"hsa-mir-3606, mature,MIMAT0022965",hsa-mir-3606,,,,,,,,,
"hsa-mir-3607, mature,MIMAT0017984",hsa-mir-3607,,,,,,,,,
"hsa-mir-3607, mature,MIMAT0017985",hsa-mir-3607,,,,,,,,,
"hsa-mir-3609, mature,MIMAT0017986",hsa-mir-3609,,,,,,,,,
"hsa-mir-361, mature,MIMAT0000703",hsa-mir-361,,,,,,,,,
"hsa-mir-361, mature,MIMAT0004682",hsa-mir-361,,,,,,,,,
"hsa-mir-3610, mature,MIMAT0017987",hsa-mir-3610,,,,,,,,,
"hsa-mir-3611, mature,MIMAT0017988",hsa-mir-3611,,,,,,,,,
"hsa-mir-3612, mature,MIMAT0017989",hsa-mir-3612,,,,,,,,,
"hsa-mir-3613, mature,MIMAT0017990",hsa-mir-3613,,,,,,,,,
"hsa-mir-3613, mature,MIMAT0017991",hsa-mir-3613,,,,,,,,,
"hsa-mir-3614, mature,MIMAT0017992",hsa-mir-3614,,,,,,,,,
"hsa-mir-3614, mature,MIMAT0017993",hsa-mir-3614,,,,,,,,,
"hsa-mir-3615, mature,MIMAT0017994",hsa-mir-3615,,,,,,,,,
"hsa-mir-3616, mature,MIMAT0017995",hsa-mir-3616,,,,,,,,,
"hsa-mir-3616, mature,MIMAT0017996",hsa-mir-3616,,,,,,,,,
"hsa-mir-3617, mature,MIMAT0017997",hsa-mir-3617,,,,,,,,,
"hsa-mir-3617, mature,MIMAT0022966",hsa-mir-3617,,,,,,,,,
"hsa-mir-3618, mature,MIMAT0017998",hsa-mir-3618,Homo sapiens,hsa_90,MI0016008,chr22,+,20085746.0,20085833.0,2.0,397.0
"hsa-mir-3619, mature,MIMAT0017999",hsa-mir-3619,,,,,,,,,
"hsa-mir-3619, mature,MIMAT0019219",hsa-mir-3619,,,,,,,,,
"hsa-mir-362, mature,MIMAT0000705",hsa-mir-362,Homo sapiens,hsa_137,MI0000762,chrX,+,50008964.0,50009028.0,8.0,11536.0
"hsa-mir-362, mature,MIMAT0004683",hsa-mir-362,Homo sapiens,hsa_137,MI0000762,chrX,+,50008964.0,50009028.0,8.0,11536.0
"hsa-mir-3620, mature,MIMAT0018001",hsa-mir-3620,,,,,,,,,
"hsa-mir-3620, mature,MIMAT0022967",hsa-mir-3620,,,,,,,,,
"hsa-mir-3621, mature,MIMAT0018002",hsa-mir-3621,,,,,,,,,
"hsa-mir-3622a, mature,MIMAT0018003",hsa-mir-3622a,Homo sapiens,hsa_119,MI0016013,chr8,+,27701677.0,27701759.0,2.0,87.0
"hsa-mir-3622a, mature,MIMAT0018004",hsa-mir-3622a,Homo sapiens,hsa_119,MI0016013,chr8,+,27701677.0,27701759.0,2.0,87.0
"hsa-mir-3622b, mature,MIMAT0018005",hsa-mir-3622b,Homo sapiens,hsa_119,MI0016014,chr8,-,27701673.0,27701767.0,2.0,87.0
"hsa-mir-3622b, mature,MIMAT0018006",hsa-mir-3622b,Homo sapiens,hsa_119,MI0016014,chr8,-,27701673.0,27701767.0,2.0,87.0
"hsa-mir-363, mature,MIMAT0000707",hsa-mir-363,Homo sapiens,hsa_144,MI0000764,chrX,-,134169378.0,134169452.0,6.0,901.0
"hsa-mir-363, mature,MIMAT0003385",hsa-mir-363,Homo sapiens,hsa_144,MI0000764,chrX,-,134169378.0,134169452.0,6.0,901.0
"hsa-mir-3646, mature,MIMAT0018065",hsa-mir-3646,,,,,,,,,
"hsa-mir-3649, mature,MIMAT0018069",hsa-mir-3649,,,,,,,,,
"hsa-mir-3650, mature,MIMAT0018070",hsa-mir-3650,,,,,,,,,
"hsa-mir-3651, mature,MIMAT0018071",hsa-mir-3651,,,,,,,,,
"hsa-mir-3652, mature,MIMAT0018072",hsa-mir-3652,,,,,,,,,
"hsa-mir-3653, mature,MIMAT0018073",hsa-mir-3653,,,,,,,,,
"hsa-mir-3653, mature,MIMAT0032110",hsa-mir-3653,,,,,,,,,
"hsa-mir-3654, mature,MIMAT0018074",hsa-mir-3654,,,,,,,,,
"hsa-mir-3655, mature,MIMAT0018075",hsa-mir-3655,,,,,,,,,
"hsa-mir-3656, mature,MIMAT0018076",hsa-mir-3656,,,,,,,,,
"hsa-mir-3657, mature,MIMAT0018077",hsa-mir-3657,,,,,,,,,
"hsa-mir-3659, mature,MIMAT0018080",hsa-mir-3659,,,,,,,,,
"hsa-mir-365a, mature,MIMAT0000710",hsa-mir-365a,Homo sapiens,hsa_42,MI0000767,chr16,+,14309285.0,14309371.0,2.0,5405.0
"hsa-mir-365a, mature,MIMAT0009199",hsa-mir-365a,Homo sapiens,hsa_42,MI0000767,chr16,+,14309285.0,14309371.0,2.0,5405.0
"hsa-mir-365b, mature,MIMAT0022833",hsa-mir-365b,Homo sapiens,hsa_56,MI0000769,chr17,+,31575411.0,31575521.0,2.0,253.0
"hsa-mir-365b, mature,MIMAT0022834",hsa-mir-365b,Homo sapiens,hsa_56,MI0000769,chr17,+,31575411.0,31575521.0,2.0,253.0
"hsa-mir-3660, mature,MIMAT0018081",hsa-mir-3660,,,,,,,,,
"hsa-mir-3661, mature,MIMAT0018082",hsa-mir-3661,,,,,,,,,
"hsa-mir-3662, mature,MIMAT0018083",hsa-mir-3662,,,,,,,,,
"hsa-mir-3663, mature,MIMAT0018084",hsa-mir-3663,,,,,,,,,
"hsa-mir-3663, mature,MIMAT0018085",hsa-mir-3663,,,,,,,,,
"hsa-mir-3664, mature,MIMAT0018086",hsa-mir-3664,,,,,,,,,
"hsa-mir-3664, mature,MIMAT0019220",hsa-mir-3664,,,,,,,,,
"hsa-mir-3667, mature,MIMAT0018089",hsa-mir-3667,,,,,,,,,
"hsa-mir-3667, mature,MIMAT0018090",hsa-mir-3667,,,,,,,,,
"hsa-mir-3668, mature,MIMAT0018091",hsa-mir-3668,,,,,,,,,
"hsa-mir-367, mature,MIMAT0000719",hsa-mir-367,Homo sapiens,hsa_99,MI0000775,chr4,-,112647874.0,112647941.0,5.0,684.0
"hsa-mir-367, mature,MIMAT0004686",hsa-mir-367,Homo sapiens,hsa_99,MI0000775,chr4,-,112647874.0,112647941.0,5.0,684.0
"hsa-mir-3672, mature,MIMAT0018095",hsa-mir-3672,,,,,,,,,
"hsa-mir-3675, mature,MIMAT0018098",hsa-mir-3675,,,,,,,,,
"hsa-mir-3675, mature,MIMAT0018099",hsa-mir-3675,,,,,,,,,
"hsa-mir-3677, mature,MIMAT0018101",hsa-mir-3677,Homo sapiens,hsa_41,MI0016078,chr16,+,2270713.0,2270772.0,3.0,3979.0
"hsa-mir-3677, mature,MIMAT0019221",hsa-mir-3677,Homo sapiens,hsa_41,MI0016078,chr16,+,2270713.0,2270772.0,3.0,3979.0
"hsa-mir-3678, mature,MIMAT0018102",hsa-mir-3678,,,,,,,,,
"hsa-mir-3678, mature,MIMAT0018103",hsa-mir-3678,,,,,,,,,
"hsa-mir-3679, mature,MIMAT0018104",hsa-mir-3679,,,,,,,,,
"hsa-mir-3679, mature,MIMAT0018105",hsa-mir-3679,,,,,,,,,
"hsa-mir-3680-1, mature,MIMAT0018106",hsa-mir-3680-1,,,,,,,,,
"hsa-mir-3680-1, mature,MIMAT0018107",hsa-mir-3680-1,,,,,,,,,
"hsa-mir-3681, mature,MIMAT0018108",hsa-mir-3681,,,,,,,,,
"hsa-mir-3681, mature,MIMAT0018109",hsa-mir-3681,,,,,,,,,
"hsa-mir-3682, mature,MIMAT0018110",hsa-mir-3682,,,,,,,,,
"hsa-mir-3682, mature,MIMAT0019222",hsa-mir-3682,,,,,,,,,
"hsa-mir-3683, mature,MIMAT0018111",hsa-mir-3683,,,,,,,,,
"hsa-mir-3684, mature,MIMAT0018112",hsa-mir-3684,,,,,,,,,
"hsa-mir-3685, mature,MIMAT0018113",hsa-mir-3685,Homo sapiens,hsa_29,MI0016086,chr12,+,95309923.0,95309984.0,2.0,1565.0
"hsa-mir-3688-1, mature,MIMAT0018116",hsa-mir-3688-1,Homo sapiens,hsa_100,MI0016089,chr4,-,159128802.0,159128894.0,2.0,90.0
"hsa-mir-3688-2, mature,MIMAT0019223",hsa-mir-3688-2,Homo sapiens,hsa_100,MI0017447,chr4,+,159128805.0,159128891.0,2.0,90.0
"hsa-mir-3689a, mature,MIMAT0018117",hsa-mir-3689a,Homo sapiens,hsa_135,MI0016090,chr9,-,134849487.0,134849564.0,7.0,1510.0
"hsa-mir-3689b, mature,MIMAT0018180",hsa-mir-3689b,Homo sapiens,hsa_135,MI0016411,chr9,-,134850125.0,134850272.0,7.0,1510.0
"hsa-mir-3689e, mature,MIMAT0019009",hsa-mir-3689e,Homo sapiens,hsa_135,MI0016836,chr9,-,134850570.0,134850641.0,7.0,1510.0
"hsa-mir-3689f, mature,MIMAT0019010",hsa-mir-3689f,Homo sapiens,hsa_135,MI0016837,chr9,-,134850742.0,134850807.0,7.0,1510.0
"hsa-mir-369, mature,MIMAT0000721",hsa-mir-369,Homo sapiens,hsa_34,MI0000777,chr14,+,101065598.0,101065667.0,42.0,44736.0
"hsa-mir-369, mature,MIMAT0001621",hsa-mir-369,Homo sapiens,hsa_34,MI0000777,chr14,+,101065598.0,101065667.0,42.0,44736.0
"hsa-mir-3690-1, mature,MIMAT0018119",hsa-mir-3690-1,,,,,,,,,
"hsa-mir-3691, mature,MIMAT0018120",hsa-mir-3691,,,,,,,,,
"hsa-mir-3691, mature,MIMAT0019224",hsa-mir-3691,,,,,,,,,
"hsa-mir-3692, mature,MIMAT0018121",hsa-mir-3692,,,,,,,,,
"hsa-mir-3692, mature,MIMAT0018122",hsa-mir-3692,,,,,,,,,
"hsa-mir-370, mature,MIMAT0000722",hsa-mir-370,,,,,,,,,
"hsa-mir-370, mature,MIMAT0026483",hsa-mir-370,,,,,,,,,
"hsa-mir-3714, mature,MIMAT0018165",hsa-mir-3714,,,,,,,,,
"hsa-mir-371a, mature,MIMAT0000723",hsa-mir-371a,Homo sapiens,hsa_74,MI0000779,chr19,+,53787675.0,53787741.0,4.0,1099.0
"hsa-mir-371a, mature,MIMAT0004687",hsa-mir-371a,Homo sapiens,hsa_74,MI0000779,chr19,+,53787675.0,53787741.0,4.0,1099.0
"hsa-mir-371b, mature,MIMAT0019892",hsa-mir-371b,Homo sapiens,hsa_74,MI0017393,chr19,-,53787677.0,53787742.0,4.0,1099.0
"hsa-mir-371b, mature,MIMAT0019893",hsa-mir-371b,Homo sapiens,hsa_74,MI0017393,chr19,-,53787677.0,53787742.0,4.0,1099.0
"hsa-mir-372, mature,MIMAT0000724",hsa-mir-372,Homo sapiens,hsa_74,MI0000780,chr19,+,53787890.0,53787956.0,4.0,1099.0
"hsa-mir-372, mature,MIMAT0026484",hsa-mir-372,Homo sapiens,hsa_74,MI0000780,chr19,+,53787890.0,53787956.0,4.0,1099.0
"hsa-mir-373, mature,MIMAT0000725",hsa-mir-373,Homo sapiens,hsa_74,MI0000781,chr19,+,53788705.0,53788773.0,4.0,1099.0
"hsa-mir-373, mature,MIMAT0000726",hsa-mir-373,Homo sapiens,hsa_74,MI0000781,chr19,+,53788705.0,53788773.0,4.0,1099.0
"hsa-mir-374a, mature,MIMAT0000727",hsa-mir-374a,Homo sapiens,hsa_142,MI0000782,chrX,-,74287286.0,74287357.0,2.0,254.0
"hsa-mir-374a, mature,MIMAT0004688",hsa-mir-374a,Homo sapiens,hsa_142,MI0000782,chrX,-,74287286.0,74287357.0,2.0,254.0
"hsa-mir-374b, mature,MIMAT0004955",hsa-mir-374b,Homo sapiens,hsa_141,MI0005566,chrX,-,74218547.0,74218618.0,3.0,242.0
"hsa-mir-374b, mature,MIMAT0004956",hsa-mir-374b,Homo sapiens,hsa_141,MI0005566,chrX,-,74218547.0,74218618.0,3.0,242.0
"hsa-mir-374c, mature,MIMAT0018443",hsa-mir-374c,Homo sapiens,hsa_141,MI0016684,chrX,+,74218549.0,74218618.0,3.0,242.0
"hsa-mir-374c, mature,MIMAT0022735",hsa-mir-374c,Homo sapiens,hsa_141,MI0016684,chrX,+,74218549.0,74218618.0,3.0,242.0
"hsa-mir-375, mature,MIMAT0000728",hsa-mir-375,,,,,,,,,
"hsa-mir-376a-1, mature,MIMAT0000729",hsa-mir-376a-1,Homo sapiens,hsa_34,MI0000784,chr14,+,101040782.0,101040849.0,42.0,44736.0
"hsa-mir-376a-1, mature,MIMAT0003386",hsa-mir-376a-1,Homo sapiens,hsa_34,MI0000784,chr14,+,101040782.0,101040849.0,42.0,44736.0
"hsa-mir-376a-2, mature,MIMAT0022928",hsa-mir-376a-2,Homo sapiens,hsa_34,MI0003529,chr14,+,101040069.0,101040148.0,42.0,44736.0
"hsa-mir-376b, mature,MIMAT0002172",hsa-mir-376b,Homo sapiens,hsa_34,MI0002466,chr14,+,101040436.0,101040535.0,42.0,44736.0
"hsa-mir-376b, mature,MIMAT0022923",hsa-mir-376b,Homo sapiens,hsa_34,MI0002466,chr14,+,101040436.0,101040535.0,42.0,44736.0
"hsa-mir-376c, mature,MIMAT0000720",hsa-mir-376c,Homo sapiens,hsa_34,MI0000776,chr14,+,101039690.0,101039755.0,42.0,44736.0
"hsa-mir-376c, mature,MIMAT0022861",hsa-mir-376c,Homo sapiens,hsa_34,MI0000776,chr14,+,101039690.0,101039755.0,42.0,44736.0
"hsa-mir-377, mature,MIMAT0000730",hsa-mir-377,Homo sapiens,hsa_34,MI0000785,chr14,+,101062050.0,101062118.0,42.0,44736.0
"hsa-mir-377, mature,MIMAT0004689",hsa-mir-377,Homo sapiens,hsa_34,MI0000785,chr14,+,101062050.0,101062118.0,42.0,44736.0
"hsa-mir-378a, mature,MIMAT0000731",hsa-mir-378a,,,,,,,,,
"hsa-mir-378a, mature,MIMAT0000732",hsa-mir-378a,,,,,,,,,
"hsa-mir-378b, mature,MIMAT0014999",hsa-mir-378b,,,,,,,,,
"hsa-mir-378c, mature,MIMAT0016847",hsa-mir-378c,,,,,,,,,
"hsa-mir-378d-1, mature,MIMAT0018926",hsa-mir-378d-1,,,,,,,,,
"hsa-mir-378f, mature,MIMAT0018932",hsa-mir-378f,,,,,,,,,
"hsa-mir-378g, mature,MIMAT0018937",hsa-mir-378g,,,,,,,,,
"hsa-mir-378i, mature,MIMAT0019074",hsa-mir-378i,,,,,,,,,
"hsa-mir-379, mature,MIMAT0000733",hsa-mir-379,Homo sapiens,hsa_34,MI0000787,chr14,+,101022066.0,101022132.0,42.0,44736.0
"hsa-mir-379, mature,MIMAT0004690",hsa-mir-379,Homo sapiens,hsa_34,MI0000787,chr14,+,101022066.0,101022132.0,42.0,44736.0
"hsa-mir-380, mature,MIMAT0000734",hsa-mir-380,Homo sapiens,hsa_34,MI0000788,chr14,+,101025017.0,101025077.0,42.0,44736.0
"hsa-mir-380, mature,MIMAT0000735",hsa-mir-380,Homo sapiens,hsa_34,MI0000788,chr14,+,101025017.0,101025077.0,42.0,44736.0
"hsa-mir-381, mature,MIMAT0000736",hsa-mir-381,Homo sapiens,hsa_34,MI0000789,chr14,+,101045920.0,101045994.0,42.0,44736.0
"hsa-mir-381, mature,MIMAT0022862",hsa-mir-381,Homo sapiens,hsa_34,MI0000789,chr14,+,101045920.0,101045994.0,42.0,44736.0
"hsa-mir-382, mature,MIMAT0000737",hsa-mir-382,Homo sapiens,hsa_34,MI0000790,chr14,+,101054306.0,101054381.0,42.0,44736.0
"hsa-mir-382, mature,MIMAT0022697",hsa-mir-382,Homo sapiens,hsa_34,MI0000790,chr14,+,101054306.0,101054381.0,42.0,44736.0
"hsa-mir-383, mature,MIMAT0000738",hsa-mir-383,,,,,,,,,
"hsa-mir-383, mature,MIMAT0026485",hsa-mir-383,,,,,,,,,
"hsa-mir-3907, mature,MIMAT0018179",hsa-mir-3907,,,,,,,,,
"hsa-mir-3908, mature,MIMAT0018182",hsa-mir-3908,,,,,,,,,
"hsa-mir-3909, mature,MIMAT0018183",hsa-mir-3909,Homo sapiens,hsa_93,MI0016413,chr22,+,35335640.0,35335758.0,2.0,1160.0
"hsa-mir-3910-1, mature,MIMAT0018184",hsa-mir-3910-1,Homo sapiens,hsa_128,MI0016414,chr9,+,91636251.0,91636361.0,2.0,95.0
"hsa-mir-3911, mature,MIMAT0018185",hsa-mir-3911,,,,,,,,,
"hsa-mir-3912, mature,MIMAT0018186",hsa-mir-3912,,,,,,,,,
"hsa-mir-3912, mature,MIMAT0027036",hsa-mir-3912,,,,,,,,,
"hsa-mir-3913-1, mature,MIMAT0018187",hsa-mir-3913-1,Homo sapiens,hsa_27,MI0016417,chr12,-,69584722.0,69584823.0,2.0,101.0
"hsa-mir-3913-1, mature,MIMAT0019225",hsa-mir-3913-1,Homo sapiens,hsa_27,MI0016417,chr12,-,69584722.0,69584823.0,2.0,101.0
"hsa-mir-3914-1, mature,MIMAT0018188",hsa-mir-3914-1,Homo sapiens,hsa_110,MI0016419,chr7,-,71307672.0,71307770.0,2.0,97.0
"hsa-mir-3915, mature,MIMAT0018189",hsa-mir-3915,,,,,,,,,
"hsa-mir-3916, mature,MIMAT0018190",hsa-mir-3916,,,,,,,,,
"hsa-mir-3917, mature,MIMAT0018191",hsa-mir-3917,,,,,,,,,
"hsa-mir-3918, mature,MIMAT0018192",hsa-mir-3918,,,,,,,,,
"hsa-mir-3919, mature,MIMAT0018193",hsa-mir-3919,,,,,,,,,
"hsa-mir-3920, mature,MIMAT0018195",hsa-mir-3920,,,,,,,,,
"hsa-mir-3921, mature,MIMAT0018196",hsa-mir-3921,,,,,,,,,
"hsa-mir-3922, mature,MIMAT0018197",hsa-mir-3922,,,,,,,,,
"hsa-mir-3922, mature,MIMAT0019227",hsa-mir-3922,,,,,,,,,
"hsa-mir-3923, mature,MIMAT0018198",hsa-mir-3923,,,,,,,,,
"hsa-mir-3925, mature,MIMAT0018200",hsa-mir-3925,,,,,,,,,
"hsa-mir-3925, mature,MIMAT0019228",hsa-mir-3925,,,,,,,,,
"hsa-mir-3926-1, mature,MIMAT0018201",hsa-mir-3926-1,Homo sapiens,hsa_118,MI0016434,chr8,-,12727232.0,12727304.0,3.0,8168.0
"hsa-mir-3927, mature,MIMAT0018202",hsa-mir-3927,,,,,,,,,
"hsa-mir-3928, mature,MIMAT0018205",hsa-mir-3928,,,,,,,,,
"hsa-mir-3928, mature,MIMAT0027037",hsa-mir-3928,,,,,,,,,
"hsa-mir-3929, mature,MIMAT0018206",hsa-mir-3929,,,,,,,,,
"hsa-mir-3934, mature,MIMAT0018349",hsa-mir-3934,,,,,,,,,
"hsa-mir-3934, mature,MIMAT0022975",hsa-mir-3934,,,,,,,,,
"hsa-mir-3935, mature,MIMAT0018350",hsa-mir-3935,,,,,,,,,
"hsa-mir-3936, mature,MIMAT0018351",hsa-mir-3936,,,,,,,,,
"hsa-mir-3937, mature,MIMAT0018352",hsa-mir-3937,,,,,,,,,
"hsa-mir-3938, mature,MIMAT0018353",hsa-mir-3938,,,,,,,,,
"hsa-mir-3939, mature,MIMAT0018355",hsa-mir-3939,,,,,,,,,
"hsa-mir-3940, mature,MIMAT0018356",hsa-mir-3940,,,,,,,,,
"hsa-mir-3940, mature,MIMAT0019229",hsa-mir-3940,,,,,,,,,
"hsa-mir-3941, mature,MIMAT0018357",hsa-mir-3941,,,,,,,,,
"hsa-mir-3942, mature,MIMAT0018358",hsa-mir-3942,,,,,,,,,
"hsa-mir-3942, mature,MIMAT0019230",hsa-mir-3942,,,,,,,,,
"hsa-mir-3943, mature,MIMAT0018359",hsa-mir-3943,,,,,,,,,
"hsa-mir-3944, mature,MIMAT0018360",hsa-mir-3944,,,,,,,,,
"hsa-mir-3944, mature,MIMAT0019231",hsa-mir-3944,,,,,,,,,
"hsa-mir-3975, mature,MIMAT0019360",hsa-mir-3975,,,,,,,,,
"hsa-mir-3978, mature,MIMAT0019363",hsa-mir-3978,,,,,,,,,
"hsa-mir-409, mature,MIMAT0001638",hsa-mir-409,Homo sapiens,hsa_34,MI0001735,chr14,+,101065300.0,101065378.0,42.0,44736.0
"hsa-mir-409, mature,MIMAT0001639",hsa-mir-409,Homo sapiens,hsa_34,MI0001735,chr14,+,101065300.0,101065378.0,42.0,44736.0
"hsa-mir-410, mature,MIMAT0002171",hsa-mir-410,Homo sapiens,hsa_34,MI0002465,chr14,+,101065912.0,101065991.0,42.0,44736.0
"hsa-mir-410, mature,MIMAT0026558",hsa-mir-410,Homo sapiens,hsa_34,MI0002465,chr14,+,101065912.0,101065991.0,42.0,44736.0
"hsa-mir-411, mature,MIMAT0003329",hsa-mir-411,Homo sapiens,hsa_34,MI0003675,chr14,+,101023325.0,101023420.0,42.0,44736.0
"hsa-mir-411, mature,MIMAT0004813",hsa-mir-411,Homo sapiens,hsa_34,MI0003675,chr14,+,101023325.0,101023420.0,42.0,44736.0
"hsa-mir-412, mature,MIMAT0002170",hsa-mir-412,Homo sapiens,hsa_34,MI0002464,chr14,+,101065447.0,101065537.0,42.0,44736.0
"hsa-mir-412, mature,MIMAT0026557",hsa-mir-412,Homo sapiens,hsa_34,MI0002464,chr14,+,101065447.0,101065537.0,42.0,44736.0
"hsa-mir-421, mature,MIMAT0003339",hsa-mir-421,Homo sapiens,hsa_141,MI0003685,chrX,-,74218377.0,74218461.0,3.0,242.0
"hsa-mir-423, mature,MIMAT0001340",hsa-mir-423,Homo sapiens,hsa_55,MI0001445,chr17,+,30117079.0,30117172.0,2.0,82.0
"hsa-mir-423, mature,MIMAT0004748",hsa-mir-423,Homo sapiens,hsa_55,MI0001445,chr17,+,30117079.0,30117172.0,2.0,82.0
"hsa-mir-424, mature,MIMAT0001341",hsa-mir-424,Homo sapiens,hsa_145,MI0001446,chrX,-,134546614.0,134546711.0,6.0,6527.0
"hsa-mir-424, mature,MIMAT0004749",hsa-mir-424,Homo sapiens,hsa_145,MI0001446,chrX,-,134546614.0,134546711.0,6.0,6527.0
"hsa-mir-425, mature,MIMAT0001343",hsa-mir-425,Homo sapiens,hsa_96,MI0001448,chr3,-,49020148.0,49020234.0,2.0,562.0
"hsa-mir-425, mature,MIMAT0003393",hsa-mir-425,Homo sapiens,hsa_96,MI0001448,chr3,-,49020148.0,49020234.0,2.0,562.0
"hsa-mir-4254, mature,MIMAT0016884",hsa-mir-4254,,,,,,,,,
"hsa-mir-4284, mature,MIMAT0016915",hsa-mir-4284,,,,,,,,,
"hsa-mir-4286, mature,MIMAT0016916",hsa-mir-4286,,,,,,,,,
"hsa-mir-429, mature,MIMAT0001536",hsa-mir-429,Homo sapiens,hsa_1,MI0001641,chr1,+,1169005.0,1169087.0,3.0,1984.0
"hsa-mir-4306, mature,MIMAT0016858",hsa-mir-4306,,,,,,,,,
"hsa-mir-431, mature,MIMAT0001625",hsa-mir-431,Homo sapiens,hsa_33,MI0001721,chr14,+,100881007.0,100881120.0,8.0,15724.0
"hsa-mir-431, mature,MIMAT0004757",hsa-mir-431,Homo sapiens,hsa_33,MI0001721,chr14,+,100881007.0,100881120.0,8.0,15724.0
"hsa-mir-4311, mature,MIMAT0016863",hsa-mir-4311,,,,,,,,,
"hsa-mir-4312, mature,MIMAT0016864",hsa-mir-4312,,,,,,,,,
"hsa-mir-432, mature,MIMAT0002814",hsa-mir-432,Homo sapiens,hsa_33,MI0003133,chr14,+,100884483.0,100884576.0,8.0,15724.0
"hsa-mir-432, mature,MIMAT0002815",hsa-mir-432,Homo sapiens,hsa_33,MI0003133,chr14,+,100884483.0,100884576.0,8.0,15724.0
"hsa-mir-4322, mature,MIMAT0016873",hsa-mir-4322,,,,,,,,,
"hsa-mir-4326, mature,MIMAT0016888",hsa-mir-4326,,,,,,,,,
"hsa-mir-433, mature,MIMAT0001627",hsa-mir-433,Homo sapiens,hsa_33,MI0001723,chr14,+,100881886.0,100881978.0,8.0,15724.0
"hsa-mir-433, mature,MIMAT0026554",hsa-mir-433,Homo sapiens,hsa_33,MI0001723,chr14,+,100881886.0,100881978.0,8.0,15724.0
"hsa-mir-4417, mature,MIMAT0018929",hsa-mir-4417,,,,,,,,,
"hsa-mir-4419b, mature,MIMAT0019034",hsa-mir-4419b,,,,,,,,,
"hsa-mir-4420, mature,MIMAT0018933",hsa-mir-4420,,,,,,,,,
"hsa-mir-4421, mature,MIMAT0018934",hsa-mir-4421,Homo sapiens,hsa_3,MI0016758,chr1,+,51059837.0,51059905.0,2.0,267.0
"hsa-mir-4422, mature,MIMAT0018935",hsa-mir-4422,,,,,,,,,
"hsa-mir-4423, mature,MIMAT0018936",hsa-mir-4423,,,,,,,,,
"hsa-mir-4423, mature,MIMAT0019232",hsa-mir-4423,,,,,,,,,
"hsa-mir-4424, mature,MIMAT0018939",hsa-mir-4424,,,,,,,,,
"hsa-mir-4425, mature,MIMAT0018940",hsa-mir-4425,,,,,,,,,
"hsa-mir-4426, mature,MIMAT0018941",hsa-mir-4426,,,,,,,,,
"hsa-mir-4427, mature,MIMAT0018942",hsa-mir-4427,,,,,,,,,
"hsa-mir-4428, mature,MIMAT0018943",hsa-mir-4428,,,,,,,,,
"hsa-mir-4430, mature,MIMAT0018945",hsa-mir-4430,,,,,,,,,
"hsa-mir-4431, mature,MIMAT0018947",hsa-mir-4431,,,,,,,,,
"hsa-mir-4432, mature,MIMAT0018948",hsa-mir-4432,,,,,,,,,
"hsa-mir-4433a, mature,MIMAT0018949",hsa-mir-4433a,Homo sapiens,hsa_77,MI0016773,chr2,+,64340759.0,64340839.0,2.0,93.0
"hsa-mir-4433a, mature,MIMAT0020956",hsa-mir-4433a,Homo sapiens,hsa_77,MI0016773,chr2,+,64340759.0,64340839.0,2.0,93.0
"hsa-mir-4433b, mature,MIMAT0030413",hsa-mir-4433b,Homo sapiens,hsa_77,MI0025511,chr2,-,64340747.0,64340848.0,2.0,93.0
"hsa-mir-4433b, mature,MIMAT0030414",hsa-mir-4433b,Homo sapiens,hsa_77,MI0025511,chr2,-,64340747.0,64340848.0,2.0,93.0
"hsa-mir-4434, mature,MIMAT0018950",hsa-mir-4434,,,,,,,,,
"hsa-mir-4435-1, mature,MIMAT0018951",hsa-mir-4435-1,,,,,,,,,
"hsa-mir-4436b-1, mature,MIMAT0019940",hsa-mir-4436b-1,,,,,,,,,
"hsa-mir-4436b-1, mature,MIMAT0019941",hsa-mir-4436b-1,,,,,,,,,
"hsa-mir-4437, mature,MIMAT0018953",hsa-mir-4437,,,,,,,,,
"hsa-mir-4442, mature,MIMAT0018960",hsa-mir-4442,,,,,,,,,
"hsa-mir-4443, mature,MIMAT0018961",hsa-mir-4443,,,,,,,,,
"hsa-mir-4444-1, mature,MIMAT0018962",hsa-mir-4444-1,,,,,,,,,
"hsa-mir-4445, mature,MIMAT0018963",hsa-mir-4445,,,,,,,,,
"hsa-mir-4445, mature,MIMAT0018964",hsa-mir-4445,,,,,,,,,
"hsa-mir-4446, mature,MIMAT0018965",hsa-mir-4446,,,,,,,,,
"hsa-mir-4446, mature,MIMAT0019233",hsa-mir-4446,,,,,,,,,
"hsa-mir-4448, mature,MIMAT0018967",hsa-mir-4448,,,,,,,,,
"hsa-mir-4449, mature,MIMAT0018968",hsa-mir-4449,,,,,,,,,
"hsa-mir-4450, mature,MIMAT0018971",hsa-mir-4450,Homo sapiens,hsa_98,MI0016795,chr4,+,76573568.0,76573632.0,2.0,2059.0
"hsa-mir-4451, mature,MIMAT0018973",hsa-mir-4451,,,,,,,,,
"hsa-mir-4452, mature,MIMAT0018974",hsa-mir-4452,,,,,,,,,
"hsa-mir-4453, mature,MIMAT0018975",hsa-mir-4453,,,,,,,,,
"hsa-mir-4454, mature,MIMAT0018976",hsa-mir-4454,,,,,,,,,
"hsa-mir-4457, mature,MIMAT0018979",hsa-mir-4457,,,,,,,,,
"hsa-mir-4458, mature,MIMAT0018980",hsa-mir-4458,,,,,,,,,
"hsa-mir-4460, mature,MIMAT0018982",hsa-mir-4460,,,,,,,,,
"hsa-mir-4461, mature,MIMAT0018983",hsa-mir-4461,,,,,,,,,
"hsa-mir-4464, mature,MIMAT0018988",hsa-mir-4464,,,,,,,,,
"hsa-mir-4465, mature,MIMAT0018992",hsa-mir-4465,,,,,,,,,
"hsa-mir-4466, mature,MIMAT0018993",hsa-mir-4466,,,,,,,,,
"hsa-mir-4467, mature,MIMAT0018994",hsa-mir-4467,Homo sapiens,hsa_114,MI0016818,chr7,+,102471469.0,102471531.0,2.0,5790.0
"hsa-mir-4469, mature,MIMAT0018996",hsa-mir-4469,,,,,,,,,
"hsa-mir-4470, mature,MIMAT0018997",hsa-mir-4470,,,,,,,,,
"hsa-mir-4471, mature,MIMAT0018998",hsa-mir-4471,,,,,,,,,
"hsa-mir-4473, mature,MIMAT0019000",hsa-mir-4473,,,,,,,,,
"hsa-mir-4474, mature,MIMAT0019001",hsa-mir-4474,,,,,,,,,
"hsa-mir-4474, mature,MIMAT0019234",hsa-mir-4474,,,,,,,,,
"hsa-mir-4476, mature,MIMAT0019003",hsa-mir-4476,,,,,,,,,
"hsa-mir-4478, mature,MIMAT0019006",hsa-mir-4478,,,,,,,,,
"hsa-mir-4479, mature,MIMAT0019011",hsa-mir-4479,,,,,,,,,
"hsa-mir-448, mature,MIMAT0001532",hsa-mir-448,,,,,,,,,
"hsa-mir-4480, mature,MIMAT0019014",hsa-mir-4480,,,,,,,,,
"hsa-mir-4482, mature,MIMAT0019016",hsa-mir-4482,,,,,,,,,
"hsa-mir-4482, mature,MIMAT0020958",hsa-mir-4482,,,,,,,,,
"hsa-mir-4483, mature,MIMAT0019017",hsa-mir-4483,,,,,,,,,
"hsa-mir-4484, mature,MIMAT0019018",hsa-mir-4484,,,,,,,,,
"hsa-mir-4485, mature,MIMAT0019019",hsa-mir-4485,,,,,,,,,
"hsa-mir-4487, mature,MIMAT0019021",hsa-mir-4487,,,,,,,,,
"hsa-mir-4488, mature,MIMAT0019022",hsa-mir-4488,,,,,,,,,
"hsa-mir-4489, mature,MIMAT0019023",hsa-mir-4489,,,,,,,,,
"hsa-mir-4490, mature,MIMAT0019025",hsa-mir-4490,,,,,,,,,
"hsa-mir-4491, mature,MIMAT0019026",hsa-mir-4491,,,,,,,,,
"hsa-mir-4493, mature,MIMAT0019028",hsa-mir-4493,,,,,,,,,
"hsa-mir-4494, mature,MIMAT0019029",hsa-mir-4494,,,,,,,,,
"hsa-mir-4495, mature,MIMAT0019030",hsa-mir-4495,,,,,,,,,
"hsa-mir-4496, mature,MIMAT0019031",hsa-mir-4496,,,,,,,,,
"hsa-mir-4497, mature,MIMAT0019032",hsa-mir-4497,,,,,,,,,
"hsa-mir-4498, mature,MIMAT0019033",hsa-mir-4498,,,,,,,,,
"hsa-mir-449a, mature,MIMAT0001541",hsa-mir-449a,Homo sapiens,hsa_101,MI0001648,chr5,-,55170532.0,55170622.0,3.0,1822.0
"hsa-mir-449b, mature,MIMAT0003327",hsa-mir-449b,Homo sapiens,hsa_101,MI0003673,chr5,-,55170646.0,55170742.0,3.0,1822.0
"hsa-mir-449b, mature,MIMAT0009203",hsa-mir-449b,Homo sapiens,hsa_101,MI0003673,chr5,-,55170646.0,55170742.0,3.0,1822.0
"hsa-mir-449c, mature,MIMAT0010251",hsa-mir-449c,Homo sapiens,hsa_101,MI0003823,chr5,-,55172262.0,55172353.0,3.0,1822.0
"hsa-mir-449c, mature,MIMAT0013771",hsa-mir-449c,Homo sapiens,hsa_101,MI0003823,chr5,-,55172262.0,55172353.0,3.0,1822.0
"hsa-mir-4501, mature,MIMAT0019037",hsa-mir-4501,,,,,,,,,
"hsa-mir-4502, mature,MIMAT0019038",hsa-mir-4502,,,,,,,,,
"hsa-mir-4503, mature,MIMAT0019039",hsa-mir-4503,,,,,,,,,
"hsa-mir-4504, mature,MIMAT0019040",hsa-mir-4504,,,,,,,,,
"hsa-mir-4505, mature,MIMAT0019041",hsa-mir-4505,,,,,,,,,
"hsa-mir-4506, mature,MIMAT0019042",hsa-mir-4506,,,,,,,,,
"hsa-mir-4507, mature,MIMAT0019044",hsa-mir-4507,Homo sapiens,hsa_36,MI0016871,chr14,-,105858124.0,105858175.0,4.0,2041.0
"hsa-mir-450a-1, mature,MIMAT0001545",hsa-mir-450a-1,Homo sapiens,hsa_145,MI0001652,chrX,-,134540341.0,134540431.0,6.0,6527.0
"hsa-mir-450a-1, mature,MIMAT0022700",hsa-mir-450a-1,Homo sapiens,hsa_145,MI0001652,chrX,-,134540341.0,134540431.0,6.0,6527.0
"hsa-mir-450a-2, mature,MIMAT0031074",hsa-mir-450a-2,Homo sapiens,hsa_145,MI0003187,chrX,-,134540508.0,134540607.0,6.0,6527.0
"hsa-mir-450b, mature,MIMAT0004909",hsa-mir-450b,Homo sapiens,hsa_145,MI0005531,chrX,-,134540185.0,134540262.0,6.0,6527.0
"hsa-mir-450b, mature,MIMAT0004910",hsa-mir-450b,Homo sapiens,hsa_145,MI0005531,chrX,-,134540185.0,134540262.0,6.0,6527.0
"hsa-mir-4510, mature,MIMAT0019047",hsa-mir-4510,,,,,,,,,
"hsa-mir-4511, mature,MIMAT0019048",hsa-mir-4511,,,,,,,,,
"hsa-mir-4512, mature,MIMAT0019049",hsa-mir-4512,,,,,,,,,
"hsa-mir-4513, mature,MIMAT0019050",hsa-mir-4513,,,,,,,,,
"hsa-mir-4515, mature,MIMAT0019052",hsa-mir-4515,,,,,,,,,
"hsa-mir-4516, mature,MIMAT0019053",hsa-mir-4516,Homo sapiens,hsa_40,MI0016882,chr16,+,2133119.0,2133204.0,2.0,3011.0
"hsa-mir-4517, mature,MIMAT0019054",hsa-mir-4517,,,,,,,,,
"hsa-mir-4518, mature,MIMAT0019055",hsa-mir-4518,,,,,,,,,
"hsa-mir-4519, mature,MIMAT0019056",hsa-mir-4519,,,,,,,,,
"hsa-mir-451a, mature,MIMAT0001631",hsa-mir-451a,Homo sapiens,hsa_54,MI0001729,chr17,-,28861369.0,28861440.0,4.0,362.0
"hsa-mir-452, mature,MIMAT0001635",hsa-mir-452,Homo sapiens,hsa_151,MI0001733,chrX,-,151959628.0,151959712.0,2.0,1135.0
"hsa-mir-452, mature,MIMAT0001636",hsa-mir-452,Homo sapiens,hsa_151,MI0001733,chrX,-,151959628.0,151959712.0,2.0,1135.0
"hsa-mir-4520-1, mature,MIMAT0019057",hsa-mir-4520-1,Homo sapiens,hsa_51,MI0016886,chr17,-,6655440.0,6655509.0,2.0,63.0
"hsa-mir-4520-1, mature,MIMAT0019235",hsa-mir-4520-1,Homo sapiens,hsa_51,MI0016886,chr17,-,6655440.0,6655509.0,2.0,63.0
"hsa-mir-4520-2, mature,MIMAT0020300",hsa-mir-4520-2,Homo sapiens,hsa_51,MI0017358,chr17,+,6655449.0,6655502.0,2.0,63.0
"hsa-mir-4521, mature,MIMAT0019058",hsa-mir-4521,,,,,,,,,
"hsa-mir-4522, mature,MIMAT0019060",hsa-mir-4522,,,,,,,,,
"hsa-mir-4523, mature,MIMAT0019061",hsa-mir-4523,,,,,,,,,
"hsa-mir-4524a, mature,MIMAT0019062",hsa-mir-4524a,Homo sapiens,hsa_60,MI0016891,chr17,-,69099564.0,69099632.0,2.0,91.0
"hsa-mir-4524a, mature,MIMAT0019063",hsa-mir-4524a,Homo sapiens,hsa_60,MI0016891,chr17,-,69099564.0,69099632.0,2.0,91.0
"hsa-mir-4525, mature,MIMAT0019064",hsa-mir-4525,,,,,,,,,
"hsa-mir-4526, mature,MIMAT0019065",hsa-mir-4526,,,,,,,,,
"hsa-mir-4527, mature,MIMAT0019066",hsa-mir-4527,,,,,,,,,
"hsa-mir-4528, mature,MIMAT0019067",hsa-mir-4528,,,,,,,,,
"hsa-mir-4529, mature,MIMAT0019068",hsa-mir-4529,,,,,,,,,
"hsa-mir-4529, mature,MIMAT0019236",hsa-mir-4529,,,,,,,,,
"hsa-mir-4530, mature,MIMAT0019069",hsa-mir-4530,,,,,,,,,
"hsa-mir-4532, mature,MIMAT0019071",hsa-mir-4532,,,,,,,,,
"hsa-mir-4533, mature,MIMAT0019072",hsa-mir-4533,,,,,,,,,
"hsa-mir-4536-1, mature,MIMAT0019078",hsa-mir-4536-1,Homo sapiens,hsa_140,MI0016906,chrX,-,55451495.0,55451582.0,2.0,88.0
"hsa-mir-4536-1, mature,MIMAT0020959",hsa-mir-4536-1,Homo sapiens,hsa_140,MI0016906,chrX,-,55451495.0,55451582.0,2.0,88.0
"hsa-mir-4537, mature,MIMAT0019080",hsa-mir-4537,Homo sapiens,hsa_36,MI0016908,chr14,-,105859484.0,105859553.0,4.0,2041.0
"hsa-mir-4538, mature,MIMAT0019081",hsa-mir-4538,Homo sapiens,hsa_36,MI0016909,chr14,-,105858165.0,105858242.0,4.0,2041.0
"hsa-mir-4539, mature,MIMAT0019082",hsa-mir-4539,Homo sapiens,hsa_36,MI0016910,chr14,-,105857513.0,105857572.0,4.0,2041.0
"hsa-mir-454, mature,MIMAT0003884",hsa-mir-454,,,,,,,,,
"hsa-mir-454, mature,MIMAT0003885",hsa-mir-454,,,,,,,,,
"hsa-mir-455, mature,MIMAT0003150",hsa-mir-455,,,,,,,,,
"hsa-mir-455, mature,MIMAT0004784",hsa-mir-455,,,,,,,,,
"hsa-mir-4632, mature,MIMAT0019688",hsa-mir-4632,,,,,,,,,
"hsa-mir-4632, mature,MIMAT0022977",hsa-mir-4632,,,,,,,,,
"hsa-mir-4634, mature,MIMAT0019691",hsa-mir-4634,,,,,,,,,
"hsa-mir-4635, mature,MIMAT0019692",hsa-mir-4635,,,,,,,,,
"hsa-mir-4636, mature,MIMAT0019693",hsa-mir-4636,,,,,,,,,
"hsa-mir-4637, mature,MIMAT0019694",hsa-mir-4637,,,,,,,,,
"hsa-mir-4638, mature,MIMAT0019695",hsa-mir-4638,,,,,,,,,
"hsa-mir-4638, mature,MIMAT0019696",hsa-mir-4638,,,,,,,,,
"hsa-mir-4639, mature,MIMAT0019697",hsa-mir-4639,,,,,,,,,
"hsa-mir-4639, mature,MIMAT0019698",hsa-mir-4639,,,,,,,,,
"hsa-mir-4640, mature,MIMAT0019699",hsa-mir-4640,,,,,,,,,
"hsa-mir-4640, mature,MIMAT0019700",hsa-mir-4640,,,,,,,,,
"hsa-mir-4641, mature,MIMAT0019701",hsa-mir-4641,,,,,,,,,
"hsa-mir-4642, mature,MIMAT0019702",hsa-mir-4642,,,,,,,,,
"hsa-mir-4643, mature,MIMAT0019703",hsa-mir-4643,,,,,,,,,
"hsa-mir-4644, mature,MIMAT0019704",hsa-mir-4644,,,,,,,,,
"hsa-mir-4645, mature,MIMAT0019705",hsa-mir-4645,,,,,,,,,
"hsa-mir-4645, mature,MIMAT0019706",hsa-mir-4645,,,,,,,,,
"hsa-mir-4646, mature,MIMAT0019707",hsa-mir-4646,,,,,,,,,
"hsa-mir-4646, mature,MIMAT0019708",hsa-mir-4646,,,,,,,,,
"hsa-mir-4647, mature,MIMAT0019709",hsa-mir-4647,,,,,,,,,
"hsa-mir-4648, mature,MIMAT0019710",hsa-mir-4648,,,,,,,,,
"hsa-mir-4649, mature,MIMAT0019711",hsa-mir-4649,,,,,,,,,
"hsa-mir-4649, mature,MIMAT0019712",hsa-mir-4649,,,,,,,,,
"hsa-mir-4650-1, mature,MIMAT0019713",hsa-mir-4650-1,,,,,,,,,
"hsa-mir-4650-1, mature,MIMAT0019714",hsa-mir-4650-1,,,,,,,,,
"hsa-mir-4651, mature,MIMAT0019715",hsa-mir-4651,,,,,,,,,
"hsa-mir-4652, mature,MIMAT0019716",hsa-mir-4652,,,,,,,,,
"hsa-mir-4652, mature,MIMAT0019717",hsa-mir-4652,,,,,,,,,
"hsa-mir-4653, mature,MIMAT0019718",hsa-mir-4653,,,,,,,,,
"hsa-mir-4653, mature,MIMAT0019719",hsa-mir-4653,,,,,,,,,
"hsa-mir-4654, mature,MIMAT0019720",hsa-mir-4654,,,,,,,,,
"hsa-mir-4655, mature,MIMAT0019721",hsa-mir-4655,,,,,,,,,
"hsa-mir-4655, mature,MIMAT0019722",hsa-mir-4655,,,,,,,,,
"hsa-mir-4656, mature,MIMAT0019723",hsa-mir-4656,,,,,,,,,
"hsa-mir-4657, mature,MIMAT0019724",hsa-mir-4657,,,,,,,,,
"hsa-mir-4658, mature,MIMAT0019725",hsa-mir-4658,,,,,,,,,
"hsa-mir-4659a, mature,MIMAT0019726",hsa-mir-4659a,Homo sapiens,hsa_117,MI0017287,chr8,+,6745164.0,6745244.0,2.0,77.0
"hsa-mir-4659a, mature,MIMAT0019727",hsa-mir-4659a,Homo sapiens,hsa_117,MI0017287,chr8,+,6745164.0,6745244.0,2.0,77.0
"hsa-mir-4659b, mature,MIMAT0019733",hsa-mir-4659b,Homo sapiens,hsa_117,MI0017291,chr8,-,6745168.0,6745240.0,2.0,77.0
"hsa-mir-4659b, mature,MIMAT0019734",hsa-mir-4659b,Homo sapiens,hsa_117,MI0017291,chr8,-,6745168.0,6745240.0,2.0,77.0
"hsa-mir-466, mature,MIMAT0015002",hsa-mir-466,,,,,,,,,
"hsa-mir-4660, mature,MIMAT0019728",hsa-mir-4660,,,,,,,,,
"hsa-mir-4661, mature,MIMAT0019729",hsa-mir-4661,,,,,,,,,
"hsa-mir-4661, mature,MIMAT0019730",hsa-mir-4661,,,,,,,,,
"hsa-mir-4662a, mature,MIMAT0019731",hsa-mir-4662a,Homo sapiens,hsa_125,MI0017290,chr8,+,124821985.0,124822051.0,2.0,74.0
"hsa-mir-4662a, mature,MIMAT0019732",hsa-mir-4662a,Homo sapiens,hsa_125,MI0017290,chr8,+,124821985.0,124822051.0,2.0,74.0
"hsa-mir-4662b, mature,MIMAT0019736",hsa-mir-4662b,Homo sapiens,hsa_125,MI0017293,chr8,-,124821978.0,124822058.0,2.0,74.0
"hsa-mir-4663, mature,MIMAT0019735",hsa-mir-4663,,,,,,,,,
"hsa-mir-4664, mature,MIMAT0019737",hsa-mir-4664,,,,,,,,,
"hsa-mir-4664, mature,MIMAT0019738",hsa-mir-4664,,,,,,,,,
"hsa-mir-4665, mature,MIMAT0019739",hsa-mir-4665,,,,,,,,,
"hsa-mir-4665, mature,MIMAT0019740",hsa-mir-4665,,,,,,,,,
"hsa-mir-4666a, mature,MIMAT0019741",hsa-mir-4666a,,,,,,,,,
"hsa-mir-4666a, mature,MIMAT0019742",hsa-mir-4666a,,,,,,,,,
"hsa-mir-4666b, mature,MIMAT0022485",hsa-mir-4666b,,,,,,,,,
"hsa-mir-4667, mature,MIMAT0019743",hsa-mir-4667,,,,,,,,,
"hsa-mir-4667, mature,MIMAT0019744",hsa-mir-4667,,,,,,,,,
"hsa-mir-4668, mature,MIMAT0019745",hsa-mir-4668,,,,,,,,,
"hsa-mir-4668, mature,MIMAT0019746",hsa-mir-4668,,,,,,,,,
"hsa-mir-4669, mature,MIMAT0019749",hsa-mir-4669,,,,,,,,,
"hsa-mir-4670, mature,MIMAT0019750",hsa-mir-4670,,,,,,,,,
"hsa-mir-4670, mature,MIMAT0019751",hsa-mir-4670,,,,,,,,,
"hsa-mir-4671, mature,MIMAT0019753",hsa-mir-4671,,,,,,,,,
"hsa-mir-4672, mature,MIMAT0019754",hsa-mir-4672,,,,,,,,,
"hsa-mir-4673, mature,MIMAT0019755",hsa-mir-4673,,,,,,,,,
"hsa-mir-4674, mature,MIMAT0019756",hsa-mir-4674,,,,,,,,,
"hsa-mir-4675, mature,MIMAT0019757",hsa-mir-4675,,,,,,,,,
"hsa-mir-4676, mature,MIMAT0019758",hsa-mir-4676,,,,,,,,,
"hsa-mir-4676, mature,MIMAT0019759",hsa-mir-4676,,,,,,,,,
"hsa-mir-4677, mature,MIMAT0019760",hsa-mir-4677,,,,,,,,,
"hsa-mir-4677, mature,MIMAT0019761",hsa-mir-4677,,,,,,,,,
"hsa-mir-4678, mature,MIMAT0019762",hsa-mir-4678,,,,,,,,,
"hsa-mir-4679-1, mature,MIMAT0019763",hsa-mir-4679-1,Homo sapiens,hsa_15,MI0017310,chr10,+,89063336.0,89063410.0,2.0,76.0
"hsa-mir-4680, mature,MIMAT0019764",hsa-mir-4680,,,,,,,,,
"hsa-mir-4680, mature,MIMAT0019765",hsa-mir-4680,,,,,,,,,
"hsa-mir-4681, mature,MIMAT0019766",hsa-mir-4681,,,,,,,,,
"hsa-mir-4682, mature,MIMAT0019767",hsa-mir-4682,,,,,,,,,
"hsa-mir-4683, mature,MIMAT0019768",hsa-mir-4683,,,,,,,,,
"hsa-mir-4684, mature,MIMAT0019769",hsa-mir-4684,,,,,,,,,
"hsa-mir-4684, mature,MIMAT0019770",hsa-mir-4684,,,,,,,,,
"hsa-mir-4685, mature,MIMAT0019771",hsa-mir-4685,,,,,,,,,
"hsa-mir-4685, mature,MIMAT0019772",hsa-mir-4685,,,,,,,,,
"hsa-mir-4686, mature,MIMAT0019773",hsa-mir-4686,,,,,,,,,
"hsa-mir-4687, mature,MIMAT0019774",hsa-mir-4687,,,,,,,,,
"hsa-mir-4687, mature,MIMAT0019775",hsa-mir-4687,,,,,,,,,
"hsa-mir-4688, mature,MIMAT0019777",hsa-mir-4688,,,,,,,,,
"hsa-mir-4689, mature,MIMAT0019778",hsa-mir-4689,,,,,,,,,
"hsa-mir-4690, mature,MIMAT0019779",hsa-mir-4690,,,,,,,,,
"hsa-mir-4690, mature,MIMAT0019780",hsa-mir-4690,,,,,,,,,
"hsa-mir-4691, mature,MIMAT0019781",hsa-mir-4691,Homo sapiens,hsa_21,MI0017324,chr11,+,68033897.0,68033981.0,2.0,1118.0
"hsa-mir-4691, mature,MIMAT0019782",hsa-mir-4691,Homo sapiens,hsa_21,MI0017324,chr11,+,68033897.0,68033981.0,2.0,1118.0
"hsa-mir-4693, mature,MIMAT0019785",hsa-mir-4693,,,,,,,,,
"hsa-mir-4695, mature,MIMAT0019788",hsa-mir-4695,,,,,,,,,
"hsa-mir-4695, mature,MIMAT0019789",hsa-mir-4695,,,,,,,,,
"hsa-mir-4696, mature,MIMAT0019790",hsa-mir-4696,,,,,,,,,
"hsa-mir-4697, mature,MIMAT0019791",hsa-mir-4697,,,,,,,,,
"hsa-mir-4697, mature,MIMAT0019792",hsa-mir-4697,,,,,,,,,
"hsa-mir-4698, mature,MIMAT0019793",hsa-mir-4698,,,,,,,,,
"hsa-mir-4699, mature,MIMAT0019794",hsa-mir-4699,,,,,,,,,
"hsa-mir-4699, mature,MIMAT0019795",hsa-mir-4699,,,,,,,,,
"hsa-mir-4700, mature,MIMAT0019796",hsa-mir-4700,,,,,,,,,
"hsa-mir-4700, mature,MIMAT0019797",hsa-mir-4700,,,,,,,,,
"hsa-mir-4701, mature,MIMAT0019798",hsa-mir-4701,,,,,,,,,
"hsa-mir-4701, mature,MIMAT0019799",hsa-mir-4701,,,,,,,,,
"hsa-mir-4703, mature,MIMAT0019802",hsa-mir-4703,,,,,,,,,
"hsa-mir-4704, mature,MIMAT0019803",hsa-mir-4704,,,,,,,,,
"hsa-mir-4704, mature,MIMAT0019804",hsa-mir-4704,,,,,,,,,
"hsa-mir-4705, mature,MIMAT0019805",hsa-mir-4705,,,,,,,,,
"hsa-mir-4706, mature,MIMAT0019806",hsa-mir-4706,,,,,,,,,
"hsa-mir-4707, mature,MIMAT0019807",hsa-mir-4707,,,,,,,,,
"hsa-mir-4707, mature,MIMAT0019808",hsa-mir-4707,,,,,,,,,
"hsa-mir-4708, mature,MIMAT0019809",hsa-mir-4708,,,,,,,,,
"hsa-mir-4708, mature,MIMAT0019810",hsa-mir-4708,,,,,,,,,
"hsa-mir-4709, mature,MIMAT0019811",hsa-mir-4709,,,,,,,,,
"hsa-mir-4709, mature,MIMAT0019812",hsa-mir-4709,,,,,,,,,
"hsa-mir-4710, mature,MIMAT0019815",hsa-mir-4710,,,,,,,,,
"hsa-mir-4711, mature,MIMAT0019816",hsa-mir-4711,,,,,,,,,
"hsa-mir-4711, mature,MIMAT0019817",hsa-mir-4711,,,,,,,,,
"hsa-mir-4712, mature,MIMAT0019818",hsa-mir-4712,,,,,,,,,
"hsa-mir-4712, mature,MIMAT0019819",hsa-mir-4712,,,,,,,,,
"hsa-mir-4713, mature,MIMAT0019820",hsa-mir-4713,,,,,,,,,
"hsa-mir-4713, mature,MIMAT0019821",hsa-mir-4713,,,,,,,,,
"hsa-mir-4714, mature,MIMAT0019822",hsa-mir-4714,,,,,,,,,
"hsa-mir-4714, mature,MIMAT0019823",hsa-mir-4714,,,,,,,,,
"hsa-mir-4715, mature,MIMAT0019824",hsa-mir-4715,,,,,,,,,
"hsa-mir-4715, mature,MIMAT0019825",hsa-mir-4715,,,,,,,,,
"hsa-mir-4716, mature,MIMAT0019826",hsa-mir-4716,,,,,,,,,
"hsa-mir-4716, mature,MIMAT0019827",hsa-mir-4716,,,,,,,,,
"hsa-mir-4717, mature,MIMAT0019829",hsa-mir-4717,Homo sapiens,hsa_41,MI0017352,chr16,+,2274620.0,2274691.0,3.0,3979.0
"hsa-mir-4717, mature,MIMAT0019830",hsa-mir-4717,Homo sapiens,hsa_41,MI0017352,chr16,+,2274620.0,2274691.0,3.0,3979.0
"hsa-mir-4718, mature,MIMAT0019831",hsa-mir-4718,,,,,,,,,
"hsa-mir-4719, mature,MIMAT0019832",hsa-mir-4719,,,,,,,,,
"hsa-mir-4720, mature,MIMAT0019833",hsa-mir-4720,,,,,,,,,
"hsa-mir-4720, mature,MIMAT0019834",hsa-mir-4720,,,,,,,,,
"hsa-mir-4721, mature,MIMAT0019835",hsa-mir-4721,,,,,,,,,
"hsa-mir-4722, mature,MIMAT0019836",hsa-mir-4722,,,,,,,,,
"hsa-mir-4722, mature,MIMAT0019837",hsa-mir-4722,,,,,,,,,
"hsa-mir-4723, mature,MIMAT0019838",hsa-mir-4723,,,,,,,,,
"hsa-mir-4723, mature,MIMAT0019839",hsa-mir-4723,,,,,,,,,
"hsa-mir-4724, mature,MIMAT0019841",hsa-mir-4724,,,,,,,,,
"hsa-mir-4724, mature,MIMAT0019842",hsa-mir-4724,,,,,,,,,
"hsa-mir-4725, mature,MIMAT0019843",hsa-mir-4725,Homo sapiens,hsa_56,MI0017362,chr17,+,31575269.0,31575358.0,2.0,253.0
"hsa-mir-4725, mature,MIMAT0019844",hsa-mir-4725,Homo sapiens,hsa_56,MI0017362,chr17,+,31575269.0,31575358.0,2.0,253.0
"hsa-mir-4726, mature,MIMAT0019845",hsa-mir-4726,,,,,,,,,
"hsa-mir-4726, mature,MIMAT0019846",hsa-mir-4726,,,,,,,,,
"hsa-mir-4727, mature,MIMAT0019847",hsa-mir-4727,,,,,,,,,
"hsa-mir-4727, mature,MIMAT0019848",hsa-mir-4727,,,,,,,,,
"hsa-mir-4728, mature,MIMAT0019849",hsa-mir-4728,,,,,,,,,
"hsa-mir-4728, mature,MIMAT0019850",hsa-mir-4728,,,,,,,,,
"hsa-mir-4729, mature,MIMAT0019851",hsa-mir-4729,,,,,,,,,
"hsa-mir-4730, mature,MIMAT0019852",hsa-mir-4730,,,,,,,,,
"hsa-mir-4731, mature,MIMAT0019853",hsa-mir-4731,,,,,,,,,
"hsa-mir-4731, mature,MIMAT0019854",hsa-mir-4731,,,,,,,,,
"hsa-mir-4732, mature,MIMAT0019855",hsa-mir-4732,Homo sapiens,hsa_54,MI0017369,chr17,-,28861655.0,28861730.0,4.0,362.0
"hsa-mir-4732, mature,MIMAT0019856",hsa-mir-4732,Homo sapiens,hsa_54,MI0017369,chr17,-,28861655.0,28861730.0,4.0,362.0
"hsa-mir-4733, mature,MIMAT0019857",hsa-mir-4733,,,,,,,,,
"hsa-mir-4733, mature,MIMAT0019858",hsa-mir-4733,,,,,,,,,
"hsa-mir-4734, mature,MIMAT0019859",hsa-mir-4734,,,,,,,,,
"hsa-mir-4735, mature,MIMAT0019860",hsa-mir-4735,,,,,,,,,
"hsa-mir-4735, mature,MIMAT0019861",hsa-mir-4735,,,,,,,,,
"hsa-mir-4736, mature,MIMAT0019862",hsa-mir-4736,Homo sapiens,hsa_57,MI0017373,chr17,-,58335976.0,58336022.0,2.0,4791.0
"hsa-mir-4738, mature,MIMAT0019866",hsa-mir-4738,,,,,,,,,
"hsa-mir-4738, mature,MIMAT0019867",hsa-mir-4738,,,,,,,,,
"hsa-mir-4739, mature,MIMAT0019868",hsa-mir-4739,,,,,,,,,
"hsa-mir-4740, mature,MIMAT0019869",hsa-mir-4740,,,,,,,,,
"hsa-mir-4740, mature,MIMAT0019870",hsa-mir-4740,,,,,,,,,
"hsa-mir-4741, mature,MIMAT0019871",hsa-mir-4741,,,,,,,,,
"hsa-mir-4742, mature,MIMAT0019872",hsa-mir-4742,,,,,,,,,
"hsa-mir-4742, mature,MIMAT0019873",hsa-mir-4742,,,,,,,,,
"hsa-mir-4743, mature,MIMAT0019874",hsa-mir-4743,,,,,,,,,
"hsa-mir-4743, mature,MIMAT0022978",hsa-mir-4743,,,,,,,,,
"hsa-mir-4744, mature,MIMAT0019875",hsa-mir-4744,,,,,,,,,
"hsa-mir-4745, mature,MIMAT0019878",hsa-mir-4745,Homo sapiens,hsa_65,MI0017384,chr19,+,804940.0,805001.0,2.0,8714.0
"hsa-mir-4745, mature,MIMAT0019879",hsa-mir-4745,Homo sapiens,hsa_65,MI0017384,chr19,+,804940.0,805001.0,2.0,8714.0
"hsa-mir-4746, mature,MIMAT0019880",hsa-mir-4746,,,,,,,,,
"hsa-mir-4747, mature,MIMAT0019882",hsa-mir-4747,,,,,,,,,
"hsa-mir-4747, mature,MIMAT0019883",hsa-mir-4747,,,,,,,,,
"hsa-mir-4748, mature,MIMAT0019884",hsa-mir-4748,,,,,,,,,
"hsa-mir-4749, mature,MIMAT0019885",hsa-mir-4749,,,,,,,,,
"hsa-mir-4749, mature,MIMAT0019886",hsa-mir-4749,,,,,,,,,
"hsa-mir-4750, mature,MIMAT0019887",hsa-mir-4750,,,,,,,,,
"hsa-mir-4750, mature,MIMAT0022979",hsa-mir-4750,,,,,,,,,
"hsa-mir-4751, mature,MIMAT0019888",hsa-mir-4751,,,,,,,,,
"hsa-mir-4752, mature,MIMAT0019889",hsa-mir-4752,,,,,,,,,
"hsa-mir-4753, mature,MIMAT0019890",hsa-mir-4753,,,,,,,,,
"hsa-mir-4753, mature,MIMAT0019891",hsa-mir-4753,,,,,,,,,
"hsa-mir-4754, mature,MIMAT0019894",hsa-mir-4754,,,,,,,,,
"hsa-mir-4755, mature,MIMAT0019895",hsa-mir-4755,,,,,,,,,
"hsa-mir-4755, mature,MIMAT0019896",hsa-mir-4755,,,,,,,,,
"hsa-mir-4756, mature,MIMAT0019900",hsa-mir-4756,,,,,,,,,
"hsa-mir-4757, mature,MIMAT0019901",hsa-mir-4757,,,,,,,,,
"hsa-mir-4757, mature,MIMAT0019902",hsa-mir-4757,,,,,,,,,
"hsa-mir-4758, mature,MIMAT0019903",hsa-mir-4758,,,,,,,,,
"hsa-mir-4758, mature,MIMAT0019904",hsa-mir-4758,,,,,,,,,
"hsa-mir-4759, mature,MIMAT0019905",hsa-mir-4759,,,,,,,,,
"hsa-mir-4760, mature,MIMAT0019906",hsa-mir-4760,,,,,,,,,
"hsa-mir-4761, mature,MIMAT0019908",hsa-mir-4761,,,,,,,,,
"hsa-mir-4761, mature,MIMAT0019909",hsa-mir-4761,,,,,,,,,
"hsa-mir-4762, mature,MIMAT0019910",hsa-mir-4762,,,,,,,,,
"hsa-mir-4762, mature,MIMAT0019911",hsa-mir-4762,,,,,,,,,
"hsa-mir-4763, mature,MIMAT0019912",hsa-mir-4763,Homo sapiens,hsa_95,MI0017404,chr22,+,46113566.0,46113657.0,3.0,1020.0
"hsa-mir-4763, mature,MIMAT0019913",hsa-mir-4763,Homo sapiens,hsa_95,MI0017404,chr22,+,46113566.0,46113657.0,3.0,1020.0
"hsa-mir-4764, mature,MIMAT0019914",hsa-mir-4764,,,,,,,,,
"hsa-mir-4764, mature,MIMAT0019915",hsa-mir-4764,,,,,,,,,
"hsa-mir-4765, mature,MIMAT0019916",hsa-mir-4765,,,,,,,,,
"hsa-mir-4766, mature,MIMAT0019917",hsa-mir-4766,,,,,,,,,
"hsa-mir-4766, mature,MIMAT0019918",hsa-mir-4766,,,,,,,,,
"hsa-mir-4767, mature,MIMAT0019919",hsa-mir-4767,,,,,,,,,
"hsa-mir-4768, mature,MIMAT0019920",hsa-mir-4768,,,,,,,,,
"hsa-mir-4768, mature,MIMAT0019921",hsa-mir-4768,,,,,,,,,
"hsa-mir-4769, mature,MIMAT0019922",hsa-mir-4769,,,,,,,,,
"hsa-mir-4769, mature,MIMAT0019923",hsa-mir-4769,,,,,,,,,
"hsa-mir-4770, mature,MIMAT0019924",hsa-mir-4770,,,,,,,,,
"hsa-mir-4771-1, mature,MIMAT0019925",hsa-mir-4771-1,,,,,,,,,
"hsa-mir-4772, mature,MIMAT0019926",hsa-mir-4772,,,,,,,,,
"hsa-mir-4772, mature,MIMAT0019927",hsa-mir-4772,,,,,,,,,
"hsa-mir-4773-1, mature,MIMAT0019928",hsa-mir-4773-1,Homo sapiens,hsa_78,MI0017415,chr2,+,151368334.0,151368411.0,2.0,78.0
"hsa-mir-4774, mature,MIMAT0019929",hsa-mir-4774,,,,,,,,,
"hsa-mir-4774, mature,MIMAT0019930",hsa-mir-4774,,,,,,,,,
"hsa-mir-4775, mature,MIMAT0019931",hsa-mir-4775,,,,,,,,,
"hsa-mir-4776-1, mature,MIMAT0019932",hsa-mir-4776-1,Homo sapiens,hsa_81,MI0017419,chr2,+,212926257.0,212926336.0,2.0,80.0
"hsa-mir-4776-1, mature,MIMAT0019933",hsa-mir-4776-1,Homo sapiens,hsa_81,MI0017419,chr2,+,212926257.0,212926336.0,2.0,80.0
"hsa-mir-4777, mature,MIMAT0019934",hsa-mir-4777,,,,,,,,,
"hsa-mir-4777, mature,MIMAT0019935",hsa-mir-4777,,,,,,,,,
"hsa-mir-4778, mature,MIMAT0019936",hsa-mir-4778,,,,,,,,,
"hsa-mir-4778, mature,MIMAT0019937",hsa-mir-4778,,,,,,,,,
"hsa-mir-4779, mature,MIMAT0019938",hsa-mir-4779,,,,,,,,,
"hsa-mir-4780, mature,MIMAT0019939",hsa-mir-4780,,,,,,,,,
"hsa-mir-4781, mature,MIMAT0019942",hsa-mir-4781,,,,,,,,,
"hsa-mir-4781, mature,MIMAT0019943",hsa-mir-4781,,,,,,,,,
"hsa-mir-4782, mature,MIMAT0019944",hsa-mir-4782,,,,,,,,,
"hsa-mir-4782, mature,MIMAT0019945",hsa-mir-4782,,,,,,,,,
"hsa-mir-4783, mature,MIMAT0019947",hsa-mir-4783,,,,,,,,,
"hsa-mir-4784, mature,MIMAT0019948",hsa-mir-4784,,,,,,,,,
"hsa-mir-4785, mature,MIMAT0019949",hsa-mir-4785,,,,,,,,,
"hsa-mir-4786, mature,MIMAT0019954",hsa-mir-4786,,,,,,,,,
"hsa-mir-4786, mature,MIMAT0019955",hsa-mir-4786,,,,,,,,,
"hsa-mir-4787, mature,MIMAT0019956",hsa-mir-4787,,,,,,,,,
"hsa-mir-4787, mature,MIMAT0019957",hsa-mir-4787,,,,,,,,,
"hsa-mir-4788, mature,MIMAT0019958",hsa-mir-4788,,,,,,,,,
"hsa-mir-4789, mature,MIMAT0019960",hsa-mir-4789,,,,,,,,,
"hsa-mir-4790, mature,MIMAT0019962",hsa-mir-4790,,,,,,,,,
"hsa-mir-4791, mature,MIMAT0019963",hsa-mir-4791,,,,,,,,,
"hsa-mir-4793, mature,MIMAT0019965",hsa-mir-4793,,,,,,,,,
"hsa-mir-4793, mature,MIMAT0019966",hsa-mir-4793,,,,,,,,,
"hsa-mir-4794, mature,MIMAT0019967",hsa-mir-4794,,,,,,,,,
"hsa-mir-4795, mature,MIMAT0019968",hsa-mir-4795,,,,,,,,,
"hsa-mir-4795, mature,MIMAT0019969",hsa-mir-4795,,,,,,,,,
"hsa-mir-4796, mature,MIMAT0019970",hsa-mir-4796,,,,,,,,,
"hsa-mir-4796, mature,MIMAT0019971",hsa-mir-4796,,,,,,,,,
"hsa-mir-4797, mature,MIMAT0019972",hsa-mir-4797,,,,,,,,,
"hsa-mir-4797, mature,MIMAT0019973",hsa-mir-4797,,,,,,,,,
"hsa-mir-4798, mature,MIMAT0019974",hsa-mir-4798,,,,,,,,,
"hsa-mir-4798, mature,MIMAT0019975",hsa-mir-4798,,,,,,,,,
"hsa-mir-4799, mature,MIMAT0019976",hsa-mir-4799,,,,,,,,,
"hsa-mir-4799, mature,MIMAT0019977",hsa-mir-4799,,,,,,,,,
"hsa-mir-4800, mature,MIMAT0019978",hsa-mir-4800,,,,,,,,,
"hsa-mir-4800, mature,MIMAT0019979",hsa-mir-4800,,,,,,,,,
"hsa-mir-4802, mature,MIMAT0019981",hsa-mir-4802,,,,,,,,,
"hsa-mir-4802, mature,MIMAT0019982",hsa-mir-4802,,,,,,,,,
"hsa-mir-4803, mature,MIMAT0019983",hsa-mir-4803,,,,,,,,,
"hsa-mir-4804, mature,MIMAT0019984",hsa-mir-4804,,,,,,,,,
"hsa-mir-4804, mature,MIMAT0019985",hsa-mir-4804,,,,,,,,,
"hsa-mir-483, mature,MIMAT0002173",hsa-mir-483,,,,,,,,,
"hsa-mir-483, mature,MIMAT0004761",hsa-mir-483,,,,,,,,,
"hsa-mir-484, mature,MIMAT0002174",hsa-mir-484,,,,,,,,,
"hsa-mir-485, mature,MIMAT0002175",hsa-mir-485,Homo sapiens,hsa_34,MI0002469,chr14,+,101055419.0,101055491.0,42.0,44736.0
"hsa-mir-485, mature,MIMAT0002176",hsa-mir-485,Homo sapiens,hsa_34,MI0002469,chr14,+,101055419.0,101055491.0,42.0,44736.0
"hsa-mir-486-1, mature,MIMAT0002177",hsa-mir-486-1,Homo sapiens,hsa_120,MI0002470,chr8,-,41660441.0,41660508.0,2.0,67.0
"hsa-mir-486-1, mature,MIMAT0004762",hsa-mir-486-1,Homo sapiens,hsa_120,MI0002470,chr8,-,41660441.0,41660508.0,2.0,67.0
"hsa-mir-487a, mature,MIMAT0002178",hsa-mir-487a,Homo sapiens,hsa_34,MI0002471,chr14,+,101052446.0,101052525.0,42.0,44736.0
"hsa-mir-487a, mature,MIMAT0026559",hsa-mir-487a,Homo sapiens,hsa_34,MI0002471,chr14,+,101052446.0,101052525.0,42.0,44736.0
"hsa-mir-487b, mature,MIMAT0003180",hsa-mir-487b,Homo sapiens,hsa_34,MI0003530,chr14,+,101046455.0,101046538.0,42.0,44736.0
"hsa-mir-487b, mature,MIMAT0026614",hsa-mir-487b,Homo sapiens,hsa_34,MI0003530,chr14,+,101046455.0,101046538.0,42.0,44736.0
"hsa-mir-488, mature,MIMAT0002804",hsa-mir-488,,,,,,,,,
"hsa-mir-488, mature,MIMAT0004763",hsa-mir-488,,,,,,,,,
"hsa-mir-489, mature,MIMAT0002805",hsa-mir-489,Homo sapiens,hsa_111,MI0003124,chr7,-,93483936.0,93484019.0,2.0,1260.0
"hsa-mir-489, mature,MIMAT0026605",hsa-mir-489,Homo sapiens,hsa_111,MI0003124,chr7,-,93483936.0,93484019.0,2.0,1260.0
"hsa-mir-490, mature,MIMAT0002806",hsa-mir-490,,,,,,,,,
"hsa-mir-490, mature,MIMAT0004764",hsa-mir-490,,,,,,,,,
"hsa-mir-491, mature,MIMAT0002807",hsa-mir-491,,,,,,,,,
"hsa-mir-491, mature,MIMAT0004765",hsa-mir-491,,,,,,,,,
"hsa-mir-492, mature,MIMAT0002812",hsa-mir-492,,,,,,,,,
"hsa-mir-493, mature,MIMAT0002813",hsa-mir-493,Homo sapiens,hsa_33,MI0003132,chr14,+,100869060.0,100869148.0,8.0,15724.0
"hsa-mir-493, mature,MIMAT0003161",hsa-mir-493,Homo sapiens,hsa_33,MI0003132,chr14,+,100869060.0,100869148.0,8.0,15724.0
"hsa-mir-494, mature,MIMAT0002816",hsa-mir-494,Homo sapiens,hsa_34,MI0003134,chr14,+,101029634.0,101029714.0,42.0,44736.0
"hsa-mir-494, mature,MIMAT0026607",hsa-mir-494,Homo sapiens,hsa_34,MI0003134,chr14,+,101029634.0,101029714.0,42.0,44736.0
"hsa-mir-495, mature,MIMAT0002817",hsa-mir-495,Homo sapiens,hsa_34,MI0003135,chr14,+,101033755.0,101033836.0,42.0,44736.0
"hsa-mir-495, mature,MIMAT0022924",hsa-mir-495,Homo sapiens,hsa_34,MI0003135,chr14,+,101033755.0,101033836.0,42.0,44736.0
"hsa-mir-496, mature,MIMAT0002818",hsa-mir-496,Homo sapiens,hsa_34,MI0003136,chr14,+,101060573.0,101060674.0,42.0,44736.0
"hsa-mir-497, mature,MIMAT0002820",hsa-mir-497,Homo sapiens,hsa_52,MI0003138,chr17,-,7017911.0,7018022.0,2.0,408.0
"hsa-mir-497, mature,MIMAT0004768",hsa-mir-497,Homo sapiens,hsa_52,MI0003138,chr17,-,7017911.0,7018022.0,2.0,408.0
"hsa-mir-498, mature,MIMAT0002824",hsa-mir-498,Homo sapiens,hsa_73,MI0003142,chr19,+,53674197.0,53674320.0,46.0,95752.0
"hsa-mir-4999, mature,MIMAT0021017",hsa-mir-4999,,,,,,,,,
"hsa-mir-4999, mature,MIMAT0021018",hsa-mir-4999,,,,,,,,,
"hsa-mir-499a, mature,MIMAT0002870",hsa-mir-499a,Homo sapiens,hsa_83,MI0003183,chr20,+,34990376.0,34990497.0,2.0,97.0
"hsa-mir-499a, mature,MIMAT0004772",hsa-mir-499a,Homo sapiens,hsa_83,MI0003183,chr20,+,34990376.0,34990497.0,2.0,97.0
"hsa-mir-499b, mature,MIMAT0019897",hsa-mir-499b,Homo sapiens,hsa_83,MI0017396,chr20,-,34990400.0,34990472.0,2.0,97.0
"hsa-mir-499b, mature,MIMAT0019898",hsa-mir-499b,Homo sapiens,hsa_83,MI0017396,chr20,-,34990400.0,34990472.0,2.0,97.0
"hsa-mir-5000, mature,MIMAT0021019",hsa-mir-5000,,,,,,,,,
"hsa-mir-5000, mature,MIMAT0021020",hsa-mir-5000,,,,,,,,,
"hsa-mir-5001, mature,MIMAT0021021",hsa-mir-5001,,,,,,,,,
"hsa-mir-5001, mature,MIMAT0021022",hsa-mir-5001,,,,,,,,,
"hsa-mir-5002, mature,MIMAT0021023",hsa-mir-5002,,,,,,,,,
"hsa-mir-5002, mature,MIMAT0021024",hsa-mir-5002,,,,,,,,,
"hsa-mir-5003, mature,MIMAT0021025",hsa-mir-5003,,,,,,,,,
"hsa-mir-5003, mature,MIMAT0021026",hsa-mir-5003,,,,,,,,,
"hsa-mir-5004, mature,MIMAT0021027",hsa-mir-5004,,,,,,,,,
"hsa-mir-5004, mature,MIMAT0021028",hsa-mir-5004,,,,,,,,,
"hsa-mir-5006, mature,MIMAT0021033",hsa-mir-5006,,,,,,,,,
"hsa-mir-5006, mature,MIMAT0021034",hsa-mir-5006,,,,,,,,,
"hsa-mir-5007, mature,MIMAT0021035",hsa-mir-5007,,,,,,,,,
"hsa-mir-5007, mature,MIMAT0021036",hsa-mir-5007,,,,,,,,,
"hsa-mir-5008, mature,MIMAT0021039",hsa-mir-5008,,,,,,,,,
"hsa-mir-5008, mature,MIMAT0021040",hsa-mir-5008,,,,,,,,,
"hsa-mir-5009, mature,MIMAT0021041",hsa-mir-5009,,,,,,,,,
"hsa-mir-5009, mature,MIMAT0021042",hsa-mir-5009,,,,,,,,,
"hsa-mir-500a, mature,MIMAT0002871",hsa-mir-500a,Homo sapiens,hsa_137,MI0003184,chrX,+,50008431.0,50008514.0,8.0,11536.0
"hsa-mir-500a, mature,MIMAT0004773",hsa-mir-500a,Homo sapiens,hsa_137,MI0003184,chrX,+,50008431.0,50008514.0,8.0,11536.0
"hsa-mir-500b, mature,MIMAT0016925",hsa-mir-500b,Homo sapiens,hsa_137,MI0015903,chrX,+,50010672.0,50010750.0,8.0,11536.0
"hsa-mir-500b, mature,MIMAT0027032",hsa-mir-500b,Homo sapiens,hsa_137,MI0015903,chrX,+,50010672.0,50010750.0,8.0,11536.0
"hsa-mir-501, mature,MIMAT0002872",hsa-mir-501,Homo sapiens,hsa_137,MI0003185,chrX,+,50009722.0,50009805.0,8.0,11536.0
"hsa-mir-501, mature,MIMAT0004774",hsa-mir-501,Homo sapiens,hsa_137,MI0003185,chrX,+,50009722.0,50009805.0,8.0,11536.0
"hsa-mir-5010, mature,MIMAT0021043",hsa-mir-5010,,,,,,,,,
"hsa-mir-5010, mature,MIMAT0021044",hsa-mir-5010,,,,,,,,,
"hsa-mir-5011, mature,MIMAT0021045",hsa-mir-5011,,,,,,,,,
"hsa-mir-5011, mature,MIMAT0021046",hsa-mir-5011,,,,,,,,,
"hsa-mir-502, mature,MIMAT0002873",hsa-mir-502,Homo sapiens,hsa_137,MI0003186,chrX,+,50014598.0,50014683.0,8.0,11536.0
"hsa-mir-502, mature,MIMAT0004775",hsa-mir-502,Homo sapiens,hsa_137,MI0003186,chrX,+,50014598.0,50014683.0,8.0,11536.0
"hsa-mir-503, mature,MIMAT0002874",hsa-mir-503,Homo sapiens,hsa_145,MI0003188,chrX,-,134546328.0,134546398.0,6.0,6527.0
"hsa-mir-503, mature,MIMAT0022925",hsa-mir-503,Homo sapiens,hsa_145,MI0003188,chrX,-,134546328.0,134546398.0,6.0,6527.0
"hsa-mir-504, mature,MIMAT0002875",hsa-mir-504,,,,,,,,,
"hsa-mir-504, mature,MIMAT0026612",hsa-mir-504,,,,,,,,,
"hsa-mir-5047, mature,MIMAT0020541",hsa-mir-5047,Homo sapiens,hsa_58,MI0017932,chr17,-,64501214.0,64501313.0,2.0,540.0
"hsa-mir-505, mature,MIMAT0002876",hsa-mir-505,,,,,,,,,
"hsa-mir-505, mature,MIMAT0004776",hsa-mir-505,,,,,,,,,
"hsa-mir-506, mature,MIMAT0002878",hsa-mir-506,Homo sapiens,hsa_148,MI0003193,chrX,-,147230720.0,147230843.0,4.0,11202.0
"hsa-mir-506, mature,MIMAT0022701",hsa-mir-506,Homo sapiens,hsa_148,MI0003193,chrX,-,147230720.0,147230843.0,4.0,11202.0
"hsa-mir-507, mature,MIMAT0002879",hsa-mir-507,Homo sapiens,hsa_148,MI0003194,chrX,-,147230984.0,147231077.0,4.0,11202.0
"hsa-mir-508, mature,MIMAT0002880",hsa-mir-508,Homo sapiens,hsa_148,MI0003195,chrX,-,147236913.0,147237027.0,4.0,11202.0
"hsa-mir-508, mature,MIMAT0004778",hsa-mir-508,Homo sapiens,hsa_148,MI0003195,chrX,-,147236913.0,147237027.0,4.0,11202.0
"hsa-mir-5087, mature,MIMAT0021079",hsa-mir-5087,,,,,,,,,
"hsa-mir-5088, mature,MIMAT0021080",hsa-mir-5088,,,,,,,,,
"hsa-mir-5088, mature,MIMAT0027041",hsa-mir-5088,,,,,,,,,
"hsa-mir-5089, mature,MIMAT0021081",hsa-mir-5089,,,,,,,,,
"hsa-mir-5089, mature,MIMAT0022984",hsa-mir-5089,,,,,,,,,
"hsa-mir-509-1, mature,MIMAT0002881",hsa-mir-509-1,Homo sapiens,hsa_149,MI0003196,chrX,-,147260532.0,147260625.0,4.0,10475.0
"hsa-mir-509-1, mature,MIMAT0004779",hsa-mir-509-1,Homo sapiens,hsa_149,MI0003196,chrX,-,147260532.0,147260625.0,4.0,10475.0
"hsa-mir-509-3, mature,MIMAT0004975",hsa-mir-509-3,Homo sapiens,hsa_149,MI0005717,chrX,-,147259652.0,147259726.0,4.0,10475.0
"hsa-mir-5090, mature,MIMAT0021082",hsa-mir-5090,Homo sapiens,hsa_114,MI0017979,chr7,+,102465742.0,102465826.0,2.0,5790.0
"hsa-mir-5091, mature,MIMAT0021083",hsa-mir-5091,,,,,,,,,
"hsa-mir-5092, mature,MIMAT0021084",hsa-mir-5092,,,,,,,,,
"hsa-mir-5094, mature,MIMAT0021086",hsa-mir-5094,,,,,,,,,
"hsa-mir-510, mature,MIMAT0002882",hsa-mir-510,Homo sapiens,hsa_150,MI0003197,chrX,-,147272335.0,147272408.0,4.0,12394.0
"hsa-mir-510, mature,MIMAT0026613",hsa-mir-510,Homo sapiens,hsa_150,MI0003197,chrX,-,147272335.0,147272408.0,4.0,12394.0
"hsa-mir-5100, mature,MIMAT0022259",hsa-mir-5100,,,,,,,,,
"hsa-mir-511, mature,MIMAT0002808",hsa-mir-511,,,,,,,,,
"hsa-mir-511, mature,MIMAT0026606",hsa-mir-511,,,,,,,,,
"hsa-mir-512-1, mature,MIMAT0002822",hsa-mir-512-1,Homo sapiens,hsa_73,MI0003140,chr19,+,53666679.0,53666762.0,46.0,95752.0
"hsa-mir-512-1, mature,MIMAT0002823",hsa-mir-512-1,Homo sapiens,hsa_73,MI0003140,chr19,+,53666679.0,53666762.0,46.0,95752.0
"hsa-mir-513a-1, mature,MIMAT0002877",hsa-mir-513a-1,,,,,,,,,
"hsa-mir-513a-1, mature,MIMAT0004777",hsa-mir-513a-1,,,,,,,,,
"hsa-mir-513b, mature,MIMAT0005788",hsa-mir-513b,Homo sapiens,hsa_147,MI0006648,chrX,-,147199044.0,147199127.0,2.0,9424.0
"hsa-mir-513b, mature,MIMAT0026749",hsa-mir-513b,Homo sapiens,hsa_147,MI0006648,chrX,-,147199044.0,147199127.0,2.0,9424.0
"hsa-mir-513c, mature,MIMAT0005789",hsa-mir-513c,Homo sapiens,hsa_147,MI0006649,chrX,-,147189704.0,147189787.0,2.0,9424.0
"hsa-mir-513c, mature,MIMAT0022728",hsa-mir-513c,Homo sapiens,hsa_147,MI0006649,chrX,-,147189704.0,147189787.0,2.0,9424.0
"hsa-mir-514a-1, mature,MIMAT0002883",hsa-mir-514a-1,Homo sapiens,hsa_150,MI0003198,chrX,-,147279247.0,147279344.0,4.0,12394.0
"hsa-mir-514a-1, mature,MIMAT0022702",hsa-mir-514a-1,Homo sapiens,hsa_150,MI0003198,chrX,-,147279247.0,147279344.0,4.0,12394.0
"hsa-mir-514b, mature,MIMAT0015087",hsa-mir-514b,Homo sapiens,hsa_149,MI0014251,chrX,-,147250151.0,147250230.0,4.0,10475.0
"hsa-mir-514b, mature,MIMAT0015088",hsa-mir-514b,Homo sapiens,hsa_149,MI0014251,chrX,-,147250151.0,147250230.0,4.0,10475.0
"hsa-mir-515-1, mature,MIMAT0002826",hsa-mir-515-1,Homo sapiens,hsa_73,MI0003144,chr19,+,53679003.0,53679085.0,46.0,95752.0
"hsa-mir-515-1, mature,MIMAT0002827",hsa-mir-515-1,Homo sapiens,hsa_73,MI0003144,chr19,+,53679003.0,53679085.0,46.0,95752.0
"hsa-mir-516a-1, mature,MIMAT0004770",hsa-mir-516a-1,Homo sapiens,hsa_73,MI0003180,chr19,+,53756741.0,53756830.0,46.0,95752.0
"hsa-mir-516a-2, mature,MIMAT0006778",hsa-mir-516a-2,Homo sapiens,hsa_73,MI0003181,chr19,+,53761133.0,53761222.0,46.0,95752.0
"hsa-mir-516b-1, mature,MIMAT0002859",hsa-mir-516b-1,Homo sapiens,hsa_73,MI0003172,chr19,+,53736845.0,53736934.0,46.0,95752.0
"hsa-mir-516b-1, mature,MIMAT0002860",hsa-mir-516b-1,Homo sapiens,hsa_73,MI0003172,chr19,+,53736845.0,53736934.0,46.0,95752.0
"hsa-mir-517a, mature,MIMAT0002851",hsa-mir-517a,Homo sapiens,hsa_73,MI0003161,chr19,+,53712268.0,53712354.0,46.0,95752.0
"hsa-mir-517a, mature,MIMAT0002852",hsa-mir-517a,Homo sapiens,hsa_73,MI0003161,chr19,+,53712268.0,53712354.0,46.0,95752.0
"hsa-mir-517b, mature,MIMAT0002857",hsa-mir-517b,Homo sapiens,hsa_73,MI0003165,chr19,+,53721076.0,53721142.0,46.0,95752.0
"hsa-mir-517c, mature,MIMAT0002866",hsa-mir-517c,Homo sapiens,hsa_73,MI0003174,chr19,+,53741313.0,53741407.0,46.0,95752.0
"hsa-mir-5187, mature,MIMAT0021117",hsa-mir-5187,,,,,,,,,
"hsa-mir-5187, mature,MIMAT0021118",hsa-mir-5187,,,,,,,,,
"hsa-mir-5188, mature,MIMAT0021119",hsa-mir-5188,,,,,,,,,
"hsa-mir-5189, mature,MIMAT0021120",hsa-mir-5189,,,,,,,,,
"hsa-mir-5189, mature,MIMAT0027088",hsa-mir-5189,,,,,,,,,
"hsa-mir-518a-1, mature,MIMAT0002863",hsa-mir-518a-1,Homo sapiens,hsa_73,MI0003170,chr19,+,53731006.0,53731090.0,46.0,95752.0
"hsa-mir-518a-1, mature,MIMAT0005457",hsa-mir-518a-1,Homo sapiens,hsa_73,MI0003170,chr19,+,53731006.0,53731090.0,46.0,95752.0
"hsa-mir-518b, mature,MIMAT0002844",hsa-mir-518b,Homo sapiens,hsa_73,MI0003156,chr19,+,53702737.0,53702819.0,46.0,95752.0
"hsa-mir-518c, mature,MIMAT0002847",hsa-mir-518c,Homo sapiens,hsa_73,MI0003159,chr19,+,53708735.0,53708835.0,46.0,95752.0
"hsa-mir-518c, mature,MIMAT0002848",hsa-mir-518c,Homo sapiens,hsa_73,MI0003159,chr19,+,53708735.0,53708835.0,46.0,95752.0
"hsa-mir-518d, mature,MIMAT0002864",hsa-mir-518d,Homo sapiens,hsa_73,MI0003171,chr19,+,53734877.0,53734963.0,46.0,95752.0
"hsa-mir-518d, mature,MIMAT0005456",hsa-mir-518d,Homo sapiens,hsa_73,MI0003171,chr19,+,53734877.0,53734963.0,46.0,95752.0
"hsa-mir-518e, mature,MIMAT0002861",hsa-mir-518e,Homo sapiens,hsa_73,MI0003169,chr19,+,53729838.0,53729925.0,46.0,95752.0
"hsa-mir-518e, mature,MIMAT0005450",hsa-mir-518e,Homo sapiens,hsa_73,MI0003169,chr19,+,53729838.0,53729925.0,46.0,95752.0
"hsa-mir-518f, mature,MIMAT0002841",hsa-mir-518f,Homo sapiens,hsa_73,MI0003154,chr19,+,53700015.0,53700101.0,46.0,95752.0
"hsa-mir-518f, mature,MIMAT0002842",hsa-mir-518f,Homo sapiens,hsa_73,MI0003154,chr19,+,53700015.0,53700101.0,46.0,95752.0
"hsa-mir-5190, mature,MIMAT0021121",hsa-mir-5190,,,,,,,,,
"hsa-mir-5191, mature,MIMAT0021122",hsa-mir-5191,,,,,,,,,
"hsa-mir-5193, mature,MIMAT0021124",hsa-mir-5193,,,,,,,,,
"hsa-mir-5194, mature,MIMAT0021125",hsa-mir-5194,,,,,,,,,
"hsa-mir-5196, mature,MIMAT0021129",hsa-mir-5196,,,,,,,,,
"hsa-mir-519a-1, mature,MIMAT0002869",hsa-mir-519a-1,Homo sapiens,hsa_73,MI0003178,chr19,+,53752397.0,53752481.0,46.0,95752.0
"hsa-mir-519a-1, mature,MIMAT0005452",hsa-mir-519a-1,Homo sapiens,hsa_73,MI0003178,chr19,+,53752397.0,53752481.0,46.0,95752.0
"hsa-mir-519b, mature,MIMAT0002837",hsa-mir-519b,Homo sapiens,hsa_73,MI0003151,chr19,+,53695213.0,53695293.0,46.0,95752.0
"hsa-mir-519b, mature,MIMAT0005454",hsa-mir-519b,Homo sapiens,hsa_73,MI0003151,chr19,+,53695213.0,53695293.0,46.0,95752.0
"hsa-mir-519c, mature,MIMAT0002831",hsa-mir-519c,Homo sapiens,hsa_73,MI0003148,chr19,+,53686469.0,53686555.0,46.0,95752.0
"hsa-mir-519c, mature,MIMAT0002832",hsa-mir-519c,Homo sapiens,hsa_73,MI0003148,chr19,+,53686469.0,53686555.0,46.0,95752.0
"hsa-mir-519d, mature,MIMAT0002853",hsa-mir-519d,Homo sapiens,hsa_73,MI0003162,chr19,+,53713347.0,53713434.0,46.0,95752.0
"hsa-mir-519d, mature,MIMAT0026610",hsa-mir-519d,Homo sapiens,hsa_73,MI0003162,chr19,+,53713347.0,53713434.0,46.0,95752.0
"hsa-mir-519e, mature,MIMAT0002828",hsa-mir-519e,Homo sapiens,hsa_73,MI0003145,chr19,+,53679940.0,53680023.0,46.0,95752.0
"hsa-mir-519e, mature,MIMAT0002829",hsa-mir-519e,Homo sapiens,hsa_73,MI0003145,chr19,+,53679940.0,53680023.0,46.0,95752.0
"hsa-mir-520a, mature,MIMAT0002833",hsa-mir-520a,Homo sapiens,hsa_73,MI0003149,chr19,+,53690881.0,53690965.0,46.0,95752.0
"hsa-mir-520a, mature,MIMAT0002834",hsa-mir-520a,Homo sapiens,hsa_73,MI0003149,chr19,+,53690881.0,53690965.0,46.0,95752.0
"hsa-mir-520b, mature,MIMAT0002843",hsa-mir-520b,Homo sapiens,hsa_73,MI0003155,chr19,+,53701227.0,53701287.0,46.0,95752.0
"hsa-mir-520c, mature,MIMAT0002846",hsa-mir-520c,Homo sapiens,hsa_73,MI0003158,chr19,+,53707453.0,53707539.0,46.0,95752.0
"hsa-mir-520c, mature,MIMAT0005455",hsa-mir-520c,Homo sapiens,hsa_73,MI0003158,chr19,+,53707453.0,53707539.0,46.0,95752.0
"hsa-mir-520d, mature,MIMAT0002855",hsa-mir-520d,Homo sapiens,hsa_73,MI0003164,chr19,+,53720096.0,53720182.0,46.0,95752.0
"hsa-mir-520d, mature,MIMAT0002856",hsa-mir-520d,Homo sapiens,hsa_73,MI0003164,chr19,+,53720096.0,53720182.0,46.0,95752.0
"hsa-mir-520e, mature,MIMAT0002825",hsa-mir-520e,Homo sapiens,hsa_73,MI0003143,chr19,+,53675711.0,53675797.0,46.0,95752.0
"hsa-mir-520f, mature,MIMAT0002830",hsa-mir-520f,Homo sapiens,hsa_73,MI0003146,chr19,+,53682159.0,53682245.0,46.0,95752.0
"hsa-mir-520f, mature,MIMAT0026609",hsa-mir-520f,Homo sapiens,hsa_73,MI0003146,chr19,+,53682159.0,53682245.0,46.0,95752.0
"hsa-mir-520g, mature,MIMAT0002858",hsa-mir-520g,Homo sapiens,hsa_73,MI0003166,chr19,+,53722166.0,53722255.0,46.0,95752.0
"hsa-mir-520g, mature,MIMAT0026611",hsa-mir-520g,Homo sapiens,hsa_73,MI0003166,chr19,+,53722166.0,53722255.0,46.0,95752.0
"hsa-mir-520h, mature,MIMAT0002867",hsa-mir-520h,Homo sapiens,hsa_73,MI0003175,chr19,+,53742512.0,53742599.0,46.0,95752.0
"hsa-mir-521-1, mature,MIMAT0002854",hsa-mir-521-1,Homo sapiens,hsa_73,MI0003176,chr19,+,53748636.0,53748722.0,46.0,95752.0
"hsa-mir-522, mature,MIMAT0002868",hsa-mir-522,Homo sapiens,hsa_73,MI0003177,chr19,+,53751211.0,53751297.0,46.0,95752.0
"hsa-mir-522, mature,MIMAT0005451",hsa-mir-522,Homo sapiens,hsa_73,MI0003177,chr19,+,53751211.0,53751297.0,46.0,95752.0
"hsa-mir-523, mature,MIMAT0002840",hsa-mir-523,Homo sapiens,hsa_73,MI0003153,chr19,+,53698385.0,53698471.0,46.0,95752.0
"hsa-mir-523, mature,MIMAT0005449",hsa-mir-523,Homo sapiens,hsa_73,MI0003153,chr19,+,53698385.0,53698471.0,46.0,95752.0
"hsa-mir-524, mature,MIMAT0002849",hsa-mir-524,Homo sapiens,hsa_73,MI0003160,chr19,+,53711002.0,53711088.0,46.0,95752.0
"hsa-mir-524, mature,MIMAT0002850",hsa-mir-524,Homo sapiens,hsa_73,MI0003160,chr19,+,53711002.0,53711088.0,46.0,95752.0
"hsa-mir-525, mature,MIMAT0002838",hsa-mir-525,Homo sapiens,hsa_73,MI0003152,chr19,+,53697533.0,53697617.0,46.0,95752.0
"hsa-mir-525, mature,MIMAT0002839",hsa-mir-525,Homo sapiens,hsa_73,MI0003152,chr19,+,53697533.0,53697617.0,46.0,95752.0
"hsa-mir-526a-1, mature,MIMAT0002845",hsa-mir-526a-1,Homo sapiens,hsa_73,MI0003157,chr19,+,53706252.0,53706336.0,46.0,95752.0
"hsa-mir-526b, mature,MIMAT0002835",hsa-mir-526b,Homo sapiens,hsa_73,MI0003150,chr19,+,53694393.0,53694475.0,46.0,95752.0
"hsa-mir-526b, mature,MIMAT0002836",hsa-mir-526b,Homo sapiens,hsa_73,MI0003150,chr19,+,53694393.0,53694475.0,46.0,95752.0
"hsa-mir-527, mature,MIMAT0002862",hsa-mir-527,Homo sapiens,hsa_73,MI0003179,chr19,+,53754018.0,53754102.0,46.0,95752.0
"hsa-mir-532, mature,MIMAT0002888",hsa-mir-532,Homo sapiens,hsa_137,MI0003205,chrX,+,50003148.0,50003238.0,8.0,11536.0
"hsa-mir-532, mature,MIMAT0004780",hsa-mir-532,Homo sapiens,hsa_137,MI0003205,chrX,+,50003148.0,50003238.0,8.0,11536.0
"hsa-mir-539, mature,MIMAT0003163",hsa-mir-539,Homo sapiens,hsa_34,MI0003514,chr14,+,101047321.0,101047398.0,42.0,44736.0
"hsa-mir-539, mature,MIMAT0022705",hsa-mir-539,Homo sapiens,hsa_34,MI0003514,chr14,+,101047321.0,101047398.0,42.0,44736.0
"hsa-mir-541, mature,MIMAT0004919",hsa-mir-541,Homo sapiens,hsa_34,MI0005539,chr14,+,101064495.0,101064578.0,42.0,44736.0
"hsa-mir-541, mature,MIMAT0004920",hsa-mir-541,Homo sapiens,hsa_34,MI0005539,chr14,+,101064495.0,101064578.0,42.0,44736.0
"hsa-mir-542, mature,MIMAT0003340",hsa-mir-542,Homo sapiens,hsa_145,MI0003686,chrX,-,134541341.0,134541437.0,6.0,6527.0
"hsa-mir-542, mature,MIMAT0003389",hsa-mir-542,Homo sapiens,hsa_145,MI0003686,chrX,-,134541341.0,134541437.0,6.0,6527.0
"hsa-mir-543, mature,MIMAT0004954",hsa-mir-543,Homo sapiens,hsa_34,MI0005565,chr14,+,101031987.0,101032064.0,42.0,44736.0
"hsa-mir-544a, mature,MIMAT0003164",hsa-mir-544a,Homo sapiens,hsa_34,MI0003515,chr14,+,101048658.0,101048748.0,42.0,44736.0
"hsa-mir-544b, mature,MIMAT0015004",hsa-mir-544b,,,,,,,,,
"hsa-mir-545, mature,MIMAT0003165",hsa-mir-545,Homo sapiens,hsa_142,MI0003516,chrX,-,74287104.0,74287209.0,2.0,254.0
"hsa-mir-545, mature,MIMAT0004785",hsa-mir-545,Homo sapiens,hsa_142,MI0003516,chrX,-,74287104.0,74287209.0,2.0,254.0
"hsa-mir-548a-1, mature,MIMAT0003251",hsa-mir-548a-1,,,,,,,,,
"hsa-mir-548a-3, mature,MIMAT0004803",hsa-mir-548a-3,,,,,,,,,
"hsa-mir-548ab, mature,MIMAT0018928",hsa-mir-548ab,,,,,,,,,
"hsa-mir-548ad, mature,MIMAT0018946",hsa-mir-548ad,,,,,,,,,
"hsa-mir-548ad, mature,MIMAT0032114",hsa-mir-548ad,,,,,,,,,
"hsa-mir-548ag-1, mature,MIMAT0018969",hsa-mir-548ag-1,,,,,,,,,
"hsa-mir-548ah, mature,MIMAT0018972",hsa-mir-548ah,Homo sapiens,hsa_98,MI0016796,chr4,+,76575551.0,76575626.0,2.0,2059.0
"hsa-mir-548ai, mature,MIMAT0018989",hsa-mir-548ai,,,,,,,,,
"hsa-mir-548aj-1, mature,MIMAT0018990",hsa-mir-548aj-1,,,,,,,,,
"hsa-mir-548ak, mature,MIMAT0019013",hsa-mir-548ak,,,,,,,,,
"hsa-mir-548al, mature,MIMAT0019024",hsa-mir-548al,,,,,,,,,
"hsa-mir-548am, mature,MIMAT0019076",hsa-mir-548am,,,,,,,,,
"hsa-mir-548an, mature,MIMAT0019079",hsa-mir-548an,,,,,,,,,
"hsa-mir-548ao, mature,MIMAT0021029",hsa-mir-548ao,,,,,,,,,
"hsa-mir-548ao, mature,MIMAT0021030",hsa-mir-548ao,,,,,,,,,
"hsa-mir-548ap, mature,MIMAT0021037",hsa-mir-548ap,,,,,,,,,
"hsa-mir-548aq, mature,MIMAT0022263",hsa-mir-548aq,,,,,,,,,
"hsa-mir-548ar, mature,MIMAT0022265",hsa-mir-548ar,,,,,,,,,
"hsa-mir-548ar, mature,MIMAT0022266",hsa-mir-548ar,,,,,,,,,
"hsa-mir-548as, mature,MIMAT0022268",hsa-mir-548as,,,,,,,,,
"hsa-mir-548at, mature,MIMAT0022277",hsa-mir-548at,,,,,,,,,
"hsa-mir-548at, mature,MIMAT0022278",hsa-mir-548at,,,,,,,,,
"hsa-mir-548au, mature,MIMAT0022292",hsa-mir-548au,,,,,,,,,
"hsa-mir-548av, mature,MIMAT0022303",hsa-mir-548av,,,,,,,,,
"hsa-mir-548av, mature,MIMAT0022304",hsa-mir-548av,,,,,,,,,
"hsa-mir-548aw, mature,MIMAT0022471",hsa-mir-548aw,,,,,,,,,
"hsa-mir-548ax, mature,MIMAT0022474",hsa-mir-548ax,,,,,,,,,
"hsa-mir-548ay, mature,MIMAT0025453",hsa-mir-548ay,,,,,,,,,
"hsa-mir-548az, mature,MIMAT0025456",hsa-mir-548az,,,,,,,,,
"hsa-mir-548b, mature,MIMAT0003254",hsa-mir-548b,,,,,,,,,
"hsa-mir-548b, mature,MIMAT0004798",hsa-mir-548b,,,,,,,,,
"hsa-mir-548ba, mature,MIMAT0031175",hsa-mir-548ba,,,,,,,,,
"hsa-mir-548d-1, mature,MIMAT0003323",hsa-mir-548d-1,Homo sapiens,hsa_124,MI0003668,chr8,-,123348034.0,123348130.0,2.0,97.0
"hsa-mir-548d-1, mature,MIMAT0004812",hsa-mir-548d-1,Homo sapiens,hsa_124,MI0003668,chr8,-,123348034.0,123348130.0,2.0,97.0
"hsa-mir-548e, mature,MIMAT0005874",hsa-mir-548e,,,,,,,,,
"hsa-mir-548e, mature,MIMAT0026736",hsa-mir-548e,,,,,,,,,
"hsa-mir-548f-1, mature,MIMAT0005895",hsa-mir-548f-1,,,,,,,,,
"hsa-mir-548f-1, mature,MIMAT0026739",hsa-mir-548f-1,,,,,,,,,
"hsa-mir-548h-4, mature,MIMAT0005928",hsa-mir-548h-4,,,,,,,,,
"hsa-mir-548j, mature,MIMAT0005875",hsa-mir-548j,,,,,,,,,
"hsa-mir-548j, mature,MIMAT0026737",hsa-mir-548j,,,,,,,,,
"hsa-mir-548k, mature,MIMAT0005882",hsa-mir-548k,,,,,,,,,
"hsa-mir-548l, mature,MIMAT0005889",hsa-mir-548l,,,,,,,,,
"hsa-mir-548m, mature,MIMAT0005917",hsa-mir-548m,,,,,,,,,
"hsa-mir-548n, mature,MIMAT0005916",hsa-mir-548n,,,,,,,,,
"hsa-mir-548o, mature,MIMAT0005919",hsa-mir-548o,,,,,,,,,
"hsa-mir-548p, mature,MIMAT0005934",hsa-mir-548p,,,,,,,,,
"hsa-mir-548q, mature,MIMAT0011163",hsa-mir-548q,,,,,,,,,
"hsa-mir-548s, mature,MIMAT0014987",hsa-mir-548s,,,,,,,,,
"hsa-mir-548t, mature,MIMAT0015009",hsa-mir-548t,,,,,,,,,
"hsa-mir-548u, mature,MIMAT0015013",hsa-mir-548u,,,,,,,,,
"hsa-mir-548v, mature,MIMAT0015020",hsa-mir-548v,,,,,,,,,
"hsa-mir-548w, mature,MIMAT0015060",hsa-mir-548w,,,,,,,,,
"hsa-mir-548x, mature,MIMAT0015081",hsa-mir-548x,,,,,,,,,
"hsa-mir-548x, mature,MIMAT0022733",hsa-mir-548x,,,,,,,,,
"hsa-mir-548y, mature,MIMAT0018354",hsa-mir-548y,,,,,,,,,
"hsa-mir-549a, mature,MIMAT0003333",hsa-mir-549a,,,,,,,,,
"hsa-mir-550a-1, mature,MIMAT0003257",hsa-mir-550a-1,Homo sapiens,hsa_108,MI0003600,chr7,+,30289794.0,30289890.0,2.0,97.0
"hsa-mir-550a-1, mature,MIMAT0004800",hsa-mir-550a-1,Homo sapiens,hsa_108,MI0003600,chr7,+,30289794.0,30289890.0,2.0,97.0
"hsa-mir-550a-3, mature,MIMAT0020925",hsa-mir-550a-3,,,,,,,,,
"hsa-mir-550b-1, mature,MIMAT0018445",hsa-mir-550b-1,Homo sapiens,hsa_108,MI0016686,chr7,-,30289794.0,30289890.0,2.0,97.0
"hsa-mir-550b-1, mature,MIMAT0022737",hsa-mir-550b-1,Homo sapiens,hsa_108,MI0016686,chr7,-,30289794.0,30289890.0,2.0,97.0
"hsa-mir-551a, mature,MIMAT0003214",hsa-mir-551a,,,,,,,,,
"hsa-mir-551b, mature,MIMAT0003233",hsa-mir-551b,,,,,,,,,
"hsa-mir-551b, mature,MIMAT0004794",hsa-mir-551b,,,,,,,,,
"hsa-mir-552, mature,MIMAT0003215",hsa-mir-552,,,,,,,,,
"hsa-mir-552, mature,MIMAT0026615",hsa-mir-552,,,,,,,,,
"hsa-mir-555, mature,MIMAT0003219",hsa-mir-555,,,,,,,,,
"hsa-mir-556, mature,MIMAT0003220",hsa-mir-556,,,,,,,,,
"hsa-mir-556, mature,MIMAT0004793",hsa-mir-556,,,,,,,,,
"hsa-mir-5571, mature,MIMAT0022257",hsa-mir-5571,,,,,,,,,
"hsa-mir-5571, mature,MIMAT0022258",hsa-mir-5571,,,,,,,,,
"hsa-mir-5572, mature,MIMAT0022260",hsa-mir-5572,,,,,,,,,
"hsa-mir-5579, mature,MIMAT0022269",hsa-mir-5579,,,,,,,,,
"hsa-mir-5579, mature,MIMAT0022270",hsa-mir-5579,,,,,,,,,
"hsa-mir-558, mature,MIMAT0003222",hsa-mir-558,,,,,,,,,
"hsa-mir-5580, mature,MIMAT0022273",hsa-mir-5580,,,,,,,,,
"hsa-mir-5580, mature,MIMAT0022274",hsa-mir-5580,,,,,,,,,
"hsa-mir-5581, mature,MIMAT0022275",hsa-mir-5581,,,,,,,,,
"hsa-mir-5581, mature,MIMAT0022276",hsa-mir-5581,,,,,,,,,
"hsa-mir-5582, mature,MIMAT0022279",hsa-mir-5582,,,,,,,,,
"hsa-mir-5582, mature,MIMAT0022280",hsa-mir-5582,,,,,,,,,
"hsa-mir-5583-1, mature,MIMAT0022282",hsa-mir-5583-1,Homo sapiens,hsa_63,MI0019139,chr18,+,39676721.0,39676779.0,2.0,61.0
"hsa-mir-5583-2, mature,MIMAT0022281",hsa-mir-5583-2,Homo sapiens,hsa_63,MI0019140,chr18,-,39676719.0,39676777.0,2.0,61.0
"hsa-mir-5584, mature,MIMAT0022283",hsa-mir-5584,,,,,,,,,
"hsa-mir-5584, mature,MIMAT0022284",hsa-mir-5584,,,,,,,,,
"hsa-mir-5585, mature,MIMAT0022285",hsa-mir-5585,,,,,,,,,
"hsa-mir-5586, mature,MIMAT0022287",hsa-mir-5586,,,,,,,,,
"hsa-mir-5586, mature,MIMAT0022288",hsa-mir-5586,,,,,,,,,
"hsa-mir-5587, mature,MIMAT0022290",hsa-mir-5587,Homo sapiens,hsa_39,MI0019144,chr16,+,535316.0,535368.0,2.0,8051.0
"hsa-mir-5588, mature,MIMAT0022295",hsa-mir-5588,,,,,,,,,
"hsa-mir-5588, mature,MIMAT0022296",hsa-mir-5588,,,,,,,,,
"hsa-mir-5589, mature,MIMAT0022297",hsa-mir-5589,,,,,,,,,
"hsa-mir-5589, mature,MIMAT0022298",hsa-mir-5589,,,,,,,,,
"hsa-mir-559, mature,MIMAT0003223",hsa-mir-559,,,,,,,,,
"hsa-mir-561, mature,MIMAT0003225",hsa-mir-561,,,,,,,,,
"hsa-mir-561, mature,MIMAT0022706",hsa-mir-561,,,,,,,,,
"hsa-mir-564, mature,MIMAT0003228",hsa-mir-564,,,,,,,,,
"hsa-mir-568, mature,MIMAT0003232",hsa-mir-568,,,,,,,,,
"hsa-mir-5680, mature,MIMAT0022468",hsa-mir-5680,,,,,,,,,
"hsa-mir-5681a, mature,MIMAT0022469",hsa-mir-5681a,Homo sapiens,hsa_121,MI0019281,chr8,+,74548543.0,74548617.0,2.0,67.0
"hsa-mir-5681b, mature,MIMAT0022480",hsa-mir-5681b,Homo sapiens,hsa_121,MI0019293,chr8,-,74548550.0,74548609.0,2.0,67.0
"hsa-mir-5682, mature,MIMAT0022470",hsa-mir-5682,,,,,,,,,
"hsa-mir-5683, mature,MIMAT0022472",hsa-mir-5683,Homo sapiens,hsa_104,MI0019284,chr6,+,6169334.0,6169409.0,2.0,106.0
"hsa-mir-5684, mature,MIMAT0022473",hsa-mir-5684,,,,,,,,,
"hsa-mir-5685, mature,MIMAT0022475",hsa-mir-5685,,,,,,,,,
"hsa-mir-5687, mature,MIMAT0022478",hsa-mir-5687,,,,,,,,,
"hsa-mir-5688, mature,MIMAT0022479",hsa-mir-5688,,,,,,,,,
"hsa-mir-5689, mature,MIMAT0022481",hsa-mir-5689,,,,,,,,,
"hsa-mir-5690, mature,MIMAT0022482",hsa-mir-5690,,,,,,,,,
"hsa-mir-5691, mature,MIMAT0022483",hsa-mir-5691,,,,,,,,,
"hsa-mir-5692c-1, mature,MIMAT0022476",hsa-mir-5692c-1,,,,,,,,,
"hsa-mir-5693, mature,MIMAT0022486",hsa-mir-5693,,,,,,,,,
"hsa-mir-5694, mature,MIMAT0022487",hsa-mir-5694,,,,,,,,,
"hsa-mir-5695, mature,MIMAT0022488",hsa-mir-5695,,,,,,,,,
"hsa-mir-5696, mature,MIMAT0022489",hsa-mir-5696,,,,,,,,,
"hsa-mir-5697, mature,MIMAT0022490",hsa-mir-5697,,,,,,,,,
"hsa-mir-5698, mature,MIMAT0022491",hsa-mir-5698,,,,,,,,,
"hsa-mir-5699, mature,MIMAT0022492",hsa-mir-5699,,,,,,,,,
"hsa-mir-5699, mature,MIMAT0027103",hsa-mir-5699,,,,,,,,,
"hsa-mir-570, mature,MIMAT0003235",hsa-mir-570,,,,,,,,,
"hsa-mir-570, mature,MIMAT0022707",hsa-mir-570,,,,,,,,,
"hsa-mir-5702, mature,MIMAT0022495",hsa-mir-5702,,,,,,,,,
"hsa-mir-5703, mature,MIMAT0022496",hsa-mir-5703,,,,,,,,,
"hsa-mir-5704, mature,MIMAT0022498",hsa-mir-5704,,,,,,,,,
"hsa-mir-5706, mature,MIMAT0022500",hsa-mir-5706,,,,,,,,,
"hsa-mir-5707, mature,MIMAT0022501",hsa-mir-5707,,,,,,,,,
"hsa-mir-5708, mature,MIMAT0022502",hsa-mir-5708,,,,,,,,,
"hsa-mir-572, mature,MIMAT0003237",hsa-mir-572,,,,,,,,,
"hsa-mir-573, mature,MIMAT0003238",hsa-mir-573,,,,,,,,,
"hsa-mir-574, mature,MIMAT0003239",hsa-mir-574,,,,,,,,,
"hsa-mir-574, mature,MIMAT0004795",hsa-mir-574,,,,,,,,,
"hsa-mir-576, mature,MIMAT0003241",hsa-mir-576,,,,,,,,,
"hsa-mir-577, mature,MIMAT0003242",hsa-mir-577,,,,,,,,,
"hsa-mir-578, mature,MIMAT0003243",hsa-mir-578,,,,,,,,,
"hsa-mir-5787, mature,MIMAT0023252",hsa-mir-5787,,,,,,,,,
"hsa-mir-579, mature,MIMAT0003244",hsa-mir-579,,,,,,,,,
"hsa-mir-579, mature,MIMAT0026616",hsa-mir-579,,,,,,,,,
"hsa-mir-580, mature,MIMAT0003245",hsa-mir-580,,,,,,,,,
"hsa-mir-580, mature,MIMAT0026617",hsa-mir-580,,,,,,,,,
"hsa-mir-581, mature,MIMAT0003246",hsa-mir-581,,,,,,,,,
"hsa-mir-582, mature,MIMAT0003247",hsa-mir-582,,,,,,,,,
"hsa-mir-582, mature,MIMAT0004797",hsa-mir-582,,,,,,,,,
"hsa-mir-584, mature,MIMAT0003249",hsa-mir-584,,,,,,,,,
"hsa-mir-584, mature,MIMAT0022708",hsa-mir-584,,,,,,,,,
"hsa-mir-585, mature,MIMAT0003250",hsa-mir-585,,,,,,,,,
"hsa-mir-585, mature,MIMAT0026618",hsa-mir-585,,,,,,,,,
"hsa-mir-586, mature,MIMAT0003252",hsa-mir-586,,,,,,,,,
"hsa-mir-588, mature,MIMAT0003255",hsa-mir-588,,,,,,,,,
"hsa-mir-589, mature,MIMAT0003256",hsa-mir-589,,,,,,,,,
"hsa-mir-589, mature,MIMAT0004799",hsa-mir-589,,,,,,,,,
"hsa-mir-590, mature,MIMAT0003258",hsa-mir-590,,,,,,,,,
"hsa-mir-590, mature,MIMAT0004801",hsa-mir-590,,,,,,,,,
"hsa-mir-592, mature,MIMAT0003260",hsa-mir-592,,,,,,,,,
"hsa-mir-596, mature,MIMAT0003264",hsa-mir-596,,,,,,,,,
"hsa-mir-597, mature,MIMAT0003265",hsa-mir-597,,,,,,,,,
"hsa-mir-597, mature,MIMAT0026619",hsa-mir-597,,,,,,,,,
"hsa-mir-598, mature,MIMAT0003266",hsa-mir-598,,,,,,,,,
"hsa-mir-598, mature,MIMAT0026620",hsa-mir-598,,,,,,,,,
"hsa-mir-599, mature,MIMAT0003267",hsa-mir-599,Homo sapiens,hsa_123,MI0003611,chr8,-,99536636.0,99536730.0,2.0,226.0
"hsa-mir-600, mature,MIMAT0003268",hsa-mir-600,,,,,,,,,
"hsa-mir-601, mature,MIMAT0003269",hsa-mir-601,,,,,,,,,
"hsa-mir-602, mature,MIMAT0003270",hsa-mir-602,,,,,,,,,
"hsa-mir-603, mature,MIMAT0003271",hsa-mir-603,,,,,,,,,
"hsa-mir-604, mature,MIMAT0003272",hsa-mir-604,,,,,,,,,
"hsa-mir-605, mature,MIMAT0003273",hsa-mir-605,,,,,,,,,
"hsa-mir-606, mature,MIMAT0003274",hsa-mir-606,,,,,,,,,
"hsa-mir-607, mature,MIMAT0003275",hsa-mir-607,,,,,,,,,
"hsa-mir-6076, mature,MIMAT0023701",hsa-mir-6076,,,,,,,,,
"hsa-mir-6077, mature,MIMAT0023702",hsa-mir-6077,,,,,,,,,
"hsa-mir-6084, mature,MIMAT0023709",hsa-mir-6084,,,,,,,,,
"hsa-mir-6087, mature,MIMAT0023712",hsa-mir-6087,,,,,,,,,
"hsa-mir-6089-1, mature,MIMAT0023714",hsa-mir-6089-1,,,,,,,,,
"hsa-mir-609, mature,MIMAT0003277",hsa-mir-609,,,,,,,,,
"hsa-mir-610, mature,MIMAT0003278",hsa-mir-610,,,,,,,,,
"hsa-mir-611, mature,MIMAT0003279",hsa-mir-611,,,,,,,,,
"hsa-mir-612, mature,MIMAT0003280",hsa-mir-612,,,,,,,,,
"hsa-mir-6125, mature,MIMAT0024598",hsa-mir-6125,,,,,,,,,
"hsa-mir-613, mature,MIMAT0003281",hsa-mir-613,,,,,,,,,
"hsa-mir-6130, mature,MIMAT0024614",hsa-mir-6130,,,,,,,,,
"hsa-mir-6132, mature,MIMAT0024616",hsa-mir-6132,,,,,,,,,
"hsa-mir-6134, mature,MIMAT0024618",hsa-mir-6134,,,,,,,,,
"hsa-mir-614, mature,MIMAT0003282",hsa-mir-614,,,,,,,,,
"hsa-mir-615, mature,MIMAT0003283",hsa-mir-615,,,,,,,,,
"hsa-mir-615, mature,MIMAT0004804",hsa-mir-615,,,,,,,,,
"hsa-mir-616, mature,MIMAT0003284",hsa-mir-616,Homo sapiens,hsa_25,MI0003629,chr12,-,57519163.0,57519259.0,2.0,6572.0
"hsa-mir-616, mature,MIMAT0004805",hsa-mir-616,Homo sapiens,hsa_25,MI0003629,chr12,-,57519163.0,57519259.0,2.0,6572.0
"hsa-mir-618, mature,MIMAT0003287",hsa-mir-618,,,,,,,,,
"hsa-mir-621, mature,MIMAT0003290",hsa-mir-621,,,,,,,,,
"hsa-mir-622, mature,MIMAT0003291",hsa-mir-622,,,,,,,,,
"hsa-mir-624, mature,MIMAT0003293",hsa-mir-624,,,,,,,,,
"hsa-mir-624, mature,MIMAT0004807",hsa-mir-624,,,,,,,,,
"hsa-mir-625, mature,MIMAT0003294",hsa-mir-625,,,,,,,,,
"hsa-mir-625, mature,MIMAT0004808",hsa-mir-625,,,,,,,,,
"hsa-mir-627, mature,MIMAT0003296",hsa-mir-627,,,,,,,,,
"hsa-mir-627, mature,MIMAT0026623",hsa-mir-627,,,,,,,,,
"hsa-mir-628, mature,MIMAT0003297",hsa-mir-628,,,,,,,,,
"hsa-mir-628, mature,MIMAT0004809",hsa-mir-628,,,,,,,,,
"hsa-mir-629, mature,MIMAT0003298",hsa-mir-629,,,,,,,,,
"hsa-mir-629, mature,MIMAT0004810",hsa-mir-629,,,,,,,,,
"hsa-mir-630, mature,MIMAT0003299",hsa-mir-630,,,,,,,,,
"hsa-mir-632, mature,MIMAT0003302",hsa-mir-632,,,,,,,,,
"hsa-mir-636, mature,MIMAT0003306",hsa-mir-636,,,,,,,,,
"hsa-mir-637, mature,MIMAT0003307",hsa-mir-637,,,,,,,,,
"hsa-mir-638, mature,MIMAT0003308",hsa-mir-638,,,,,,,,,
"hsa-mir-639, mature,MIMAT0003309",hsa-mir-639,,,,,,,,,
"hsa-mir-640, mature,MIMAT0003310",hsa-mir-640,,,,,,,,,
"hsa-mir-641, mature,MIMAT0003311",hsa-mir-641,,,,,,,,,
"hsa-mir-642a, mature,MIMAT0003312",hsa-mir-642a,Homo sapiens,hsa_70,MI0003657,chr19,+,45674928.0,45675024.0,2.0,81.0
"hsa-mir-642a, mature,MIMAT0020924",hsa-mir-642a,Homo sapiens,hsa_70,MI0003657,chr19,+,45674928.0,45675024.0,2.0,81.0
"hsa-mir-642b, mature,MIMAT0018444",hsa-mir-642b,Homo sapiens,hsa_70,MI0016685,chr19,-,45674932.0,45675008.0,2.0,81.0
"hsa-mir-642b, mature,MIMAT0022736",hsa-mir-642b,Homo sapiens,hsa_70,MI0016685,chr19,-,45674932.0,45675008.0,2.0,81.0
"hsa-mir-643, mature,MIMAT0003313",hsa-mir-643,,,,,,,,,
"hsa-mir-647, mature,MIMAT0003317",hsa-mir-647,Homo sapiens,hsa_86,MI0003662,chr20,-,63942631.0,63942726.0,2.0,1262.0
"hsa-mir-6499, mature,MIMAT0025450",hsa-mir-6499,,,,,,,,,
"hsa-mir-6499, mature,MIMAT0025451",hsa-mir-6499,,,,,,,,,
"hsa-mir-650, mature,MIMAT0003320",hsa-mir-650,,,,,,,,,
"hsa-mir-6500, mature,MIMAT0025454",hsa-mir-6500,Homo sapiens,hsa_3,MI0022211,chr1,+,51060018.0,51060103.0,2.0,267.0
"hsa-mir-6501, mature,MIMAT0025458",hsa-mir-6501,,,,,,,,,
"hsa-mir-6501, mature,MIMAT0025459",hsa-mir-6501,,,,,,,,,
"hsa-mir-6502, mature,MIMAT0025460",hsa-mir-6502,,,,,,,,,
"hsa-mir-6502, mature,MIMAT0025461",hsa-mir-6502,,,,,,,,,
"hsa-mir-6503, mature,MIMAT0025462",hsa-mir-6503,,,,,,,,,
"hsa-mir-6503, mature,MIMAT0025463",hsa-mir-6503,,,,,,,,,
"hsa-mir-6504, mature,MIMAT0025464",hsa-mir-6504,,,,,,,,,
"hsa-mir-6504, mature,MIMAT0025465",hsa-mir-6504,,,,,,,,,
"hsa-mir-6505, mature,MIMAT0025466",hsa-mir-6505,,,,,,,,,
"hsa-mir-6505, mature,MIMAT0025467",hsa-mir-6505,,,,,,,,,
"hsa-mir-6506, mature,MIMAT0025468",hsa-mir-6506,,,,,,,,,
"hsa-mir-6506, mature,MIMAT0025469",hsa-mir-6506,,,,,,,,,
"hsa-mir-6507, mature,MIMAT0025470",hsa-mir-6507,,,,,,,,,
"hsa-mir-6507, mature,MIMAT0025471",hsa-mir-6507,,,,,,,,,
"hsa-mir-6508, mature,MIMAT0025472",hsa-mir-6508,,,,,,,,,
"hsa-mir-6508, mature,MIMAT0025473",hsa-mir-6508,,,,,,,,,
"hsa-mir-6509, mature,MIMAT0025474",hsa-mir-6509,,,,,,,,,
"hsa-mir-6509, mature,MIMAT0025475",hsa-mir-6509,,,,,,,,,
"hsa-mir-651, mature,MIMAT0003321",hsa-mir-651,,,,,,,,,
"hsa-mir-651, mature,MIMAT0026624",hsa-mir-651,,,,,,,,,
"hsa-mir-6510, mature,MIMAT0025476",hsa-mir-6510,,,,,,,,,
"hsa-mir-6510, mature,MIMAT0025477",hsa-mir-6510,,,,,,,,,
"hsa-mir-6511b-1, mature,MIMAT0025848",hsa-mir-6511b-1,,,,,,,,,
"hsa-mir-6512, mature,MIMAT0025480",hsa-mir-6512,,,,,,,,,
"hsa-mir-6512, mature,MIMAT0025481",hsa-mir-6512,,,,,,,,,
"hsa-mir-6513, mature,MIMAT0025482",hsa-mir-6513,,,,,,,,,
"hsa-mir-6513, mature,MIMAT0025483",hsa-mir-6513,,,,,,,,,
"hsa-mir-6514, mature,MIMAT0025484",hsa-mir-6514,Homo sapiens,hsa_19,MI0022226,chr11,-,62792702.0,62792771.0,2.0,2957.0
"hsa-mir-6514, mature,MIMAT0025485",hsa-mir-6514,Homo sapiens,hsa_19,MI0022226,chr11,-,62792702.0,62792771.0,2.0,2957.0
"hsa-mir-6515, mature,MIMAT0025486",hsa-mir-6515,,,,,,,,,
"hsa-mir-6515, mature,MIMAT0025487",hsa-mir-6515,,,,,,,,,
"hsa-mir-6516, mature,MIMAT0030417",hsa-mir-6516,,,,,,,,,
"hsa-mir-6516, mature,MIMAT0030418",hsa-mir-6516,,,,,,,,,
"hsa-mir-652, mature,MIMAT0003322",hsa-mir-652,,,,,,,,,
"hsa-mir-652, mature,MIMAT0022709",hsa-mir-652,,,,,,,,,
"hsa-mir-653, mature,MIMAT0003328",hsa-mir-653,Homo sapiens,hsa_111,MI0003674,chr7,-,93482760.0,93482855.0,2.0,1260.0
"hsa-mir-653, mature,MIMAT0026625",hsa-mir-653,Homo sapiens,hsa_111,MI0003674,chr7,-,93482760.0,93482855.0,2.0,1260.0
"hsa-mir-654, mature,MIMAT0003330",hsa-mir-654,Homo sapiens,hsa_34,MI0003676,chr14,+,101040219.0,101040299.0,42.0,44736.0
"hsa-mir-654, mature,MIMAT0004814",hsa-mir-654,Homo sapiens,hsa_34,MI0003676,chr14,+,101040219.0,101040299.0,42.0,44736.0
"hsa-mir-655, mature,MIMAT0003331",hsa-mir-655,Homo sapiens,hsa_34,MI0003677,chr14,+,101049550.0,101049646.0,42.0,44736.0
"hsa-mir-655, mature,MIMAT0026626",hsa-mir-655,Homo sapiens,hsa_34,MI0003677,chr14,+,101049550.0,101049646.0,42.0,44736.0
"hsa-mir-656, mature,MIMAT0003332",hsa-mir-656,Homo sapiens,hsa_34,MI0003678,chr14,+,101066724.0,101066801.0,42.0,44736.0
"hsa-mir-656, mature,MIMAT0026627",hsa-mir-656,Homo sapiens,hsa_34,MI0003678,chr14,+,101066724.0,101066801.0,42.0,44736.0
"hsa-mir-657, mature,MIMAT0003335",hsa-mir-657,Homo sapiens,hsa_61,MI0003681,chr17,-,81125276.0,81125373.0,4.0,8033.0
"hsa-mir-658, mature,MIMAT0003336",hsa-mir-658,Homo sapiens,hsa_94,MI0003682,chr22,-,37844272.0,37844371.0,2.0,3503.0
"hsa-mir-659, mature,MIMAT0003337",hsa-mir-659,Homo sapiens,hsa_94,MI0003683,chr22,-,37847678.0,37847774.0,2.0,3503.0
"hsa-mir-659, mature,MIMAT0022710",hsa-mir-659,Homo sapiens,hsa_94,MI0003683,chr22,-,37847678.0,37847774.0,2.0,3503.0
"hsa-mir-660, mature,MIMAT0003338",hsa-mir-660,Homo sapiens,hsa_137,MI0003684,chrX,+,50013241.0,50013337.0,8.0,11536.0
"hsa-mir-660, mature,MIMAT0022711",hsa-mir-660,Homo sapiens,hsa_137,MI0003684,chrX,+,50013241.0,50013337.0,8.0,11536.0
"hsa-mir-661, mature,MIMAT0003324",hsa-mir-661,,,,,,,,,
"hsa-mir-662, mature,MIMAT0003325",hsa-mir-662,,,,,,,,,
"hsa-mir-664a, mature,MIMAT0005948",hsa-mir-664a,,,,,,,,,
"hsa-mir-664a, mature,MIMAT0005949",hsa-mir-664a,,,,,,,,,
"hsa-mir-664b, mature,MIMAT0022271",hsa-mir-664b,,,,,,,,,
"hsa-mir-664b, mature,MIMAT0022272",hsa-mir-664b,,,,,,,,,
"hsa-mir-665, mature,MIMAT0004952",hsa-mir-665,Homo sapiens,hsa_33,MI0005563,chr14,+,100875033.0,100875104.0,8.0,15724.0
"hsa-mir-668, mature,MIMAT0003881",hsa-mir-668,Homo sapiens,hsa_34,MI0003761,chr14,+,101055258.0,101055323.0,42.0,44736.0
"hsa-mir-668, mature,MIMAT0026636",hsa-mir-668,Homo sapiens,hsa_34,MI0003761,chr14,+,101055258.0,101055323.0,42.0,44736.0
"hsa-mir-670, mature,MIMAT0010357",hsa-mir-670,,,,,,,,,
"hsa-mir-670, mature,MIMAT0026640",hsa-mir-670,,,,,,,,,
"hsa-mir-671, mature,MIMAT0003880",hsa-mir-671,,,,,,,,,
"hsa-mir-671, mature,MIMAT0004819",hsa-mir-671,,,,,,,,,
"hsa-mir-6715a, mature,MIMAT0025841",hsa-mir-6715a,Homo sapiens,hsa_17,MI0022548,chr10,+,112299612.0,112299690.0,2.0,77.0
"hsa-mir-6715b, mature,MIMAT0025842",hsa-mir-6715b,Homo sapiens,hsa_17,MI0022549,chr10,-,112299612.0,112299688.0,2.0,77.0
"hsa-mir-6715b, mature,MIMAT0025843",hsa-mir-6715b,Homo sapiens,hsa_17,MI0022549,chr10,-,112299612.0,112299688.0,2.0,77.0
"hsa-mir-6716, mature,MIMAT0025844",hsa-mir-6716,,,,,,,,,
"hsa-mir-6716, mature,MIMAT0025845",hsa-mir-6716,,,,,,,,,
"hsa-mir-6717, mature,MIMAT0025846",hsa-mir-6717,,,,,,,,,
"hsa-mir-6718, mature,MIMAT0025849",hsa-mir-6718,,,,,,,,,
"hsa-mir-6720, mature,MIMAT0025851",hsa-mir-6720,,,,,,,,,
"hsa-mir-6720, mature,MIMAT0027345",hsa-mir-6720,,,,,,,,,
"hsa-mir-6721, mature,MIMAT0025852",hsa-mir-6721,Homo sapiens,hsa_105,MI0022556,chr6,-,32170030.0,32170116.0,2.0,9847.0
"hsa-mir-6722, mature,MIMAT0025854",hsa-mir-6722,,,,,,,,,
"hsa-mir-6723, mature,MIMAT0025855",hsa-mir-6723,,,,,,,,,
"hsa-mir-6726, mature,MIMAT0027353",hsa-mir-6726,,,,,,,,,
"hsa-mir-6726, mature,MIMAT0027354",hsa-mir-6726,,,,,,,,,
"hsa-mir-6727, mature,MIMAT0027355",hsa-mir-6727,,,,,,,,,
"hsa-mir-6727, mature,MIMAT0027356",hsa-mir-6727,,,,,,,,,
"hsa-mir-6728, mature,MIMAT0027357",hsa-mir-6728,,,,,,,,,
"hsa-mir-6728, mature,MIMAT0027358",hsa-mir-6728,,,,,,,,,
"hsa-mir-6729, mature,MIMAT0027359",hsa-mir-6729,,,,,,,,,
"hsa-mir-6729, mature,MIMAT0027360",hsa-mir-6729,,,,,,,,,
"hsa-mir-6730, mature,MIMAT0027361",hsa-mir-6730,,,,,,,,,
"hsa-mir-6730, mature,MIMAT0027362",hsa-mir-6730,,,,,,,,,
"hsa-mir-6731, mature,MIMAT0027363",hsa-mir-6731,,,,,,,,,
"hsa-mir-6731, mature,MIMAT0027364",hsa-mir-6731,,,,,,,,,
"hsa-mir-6732, mature,MIMAT0027365",hsa-mir-6732,,,,,,,,,
"hsa-mir-6732, mature,MIMAT0027366",hsa-mir-6732,,,,,,,,,
"hsa-mir-6733, mature,MIMAT0027367",hsa-mir-6733,,,,,,,,,
"hsa-mir-6733, mature,MIMAT0027368",hsa-mir-6733,,,,,,,,,
"hsa-mir-6734, mature,MIMAT0027369",hsa-mir-6734,,,,,,,,,
"hsa-mir-6734, mature,MIMAT0027370",hsa-mir-6734,,,,,,,,,
"hsa-mir-6735, mature,MIMAT0027371",hsa-mir-6735,,,,,,,,,
"hsa-mir-6735, mature,MIMAT0027372",hsa-mir-6735,,,,,,,,,
"hsa-mir-6736, mature,MIMAT0027373",hsa-mir-6736,,,,,,,,,
"hsa-mir-6736, mature,MIMAT0027374",hsa-mir-6736,,,,,,,,,
"hsa-mir-6737, mature,MIMAT0027375",hsa-mir-6737,,,,,,,,,
"hsa-mir-6737, mature,MIMAT0027376",hsa-mir-6737,,,,,,,,,
"hsa-mir-6738, mature,MIMAT0027377",hsa-mir-6738,,,,,,,,,
"hsa-mir-6738, mature,MIMAT0027378",hsa-mir-6738,,,,,,,,,
"hsa-mir-6739, mature,MIMAT0027379",hsa-mir-6739,,,,,,,,,
"hsa-mir-6739, mature,MIMAT0027380",hsa-mir-6739,,,,,,,,,
"hsa-mir-6740, mature,MIMAT0027381",hsa-mir-6740,,,,,,,,,
"hsa-mir-6740, mature,MIMAT0027382",hsa-mir-6740,,,,,,,,,
"hsa-mir-6741, mature,MIMAT0027383",hsa-mir-6741,,,,,,,,,
"hsa-mir-6741, mature,MIMAT0027384",hsa-mir-6741,,,,,,,,,
"hsa-mir-6742, mature,MIMAT0027385",hsa-mir-6742,,,,,,,,,
"hsa-mir-6742, mature,MIMAT0027386",hsa-mir-6742,,,,,,,,,
"hsa-mir-6743, mature,MIMAT0027387",hsa-mir-6743,,,,,,,,,
"hsa-mir-6743, mature,MIMAT0027388",hsa-mir-6743,,,,,,,,,
"hsa-mir-6744, mature,MIMAT0027389",hsa-mir-6744,,,,,,,,,
"hsa-mir-6744, mature,MIMAT0027390",hsa-mir-6744,,,,,,,,,
"hsa-mir-6745, mature,MIMAT0027391",hsa-mir-6745,,,,,,,,,
"hsa-mir-6746, mature,MIMAT0027392",hsa-mir-6746,,,,,,,,,
"hsa-mir-6746, mature,MIMAT0027393",hsa-mir-6746,,,,,,,,,
"hsa-mir-6747, mature,MIMAT0027394",hsa-mir-6747,,,,,,,,,
"hsa-mir-6747, mature,MIMAT0027395",hsa-mir-6747,,,,,,,,,
"hsa-mir-6748, mature,MIMAT0027396",hsa-mir-6748,Homo sapiens,hsa_19,MI0022593,chr11,+,62789815.0,62789885.0,2.0,2957.0
"hsa-mir-6748, mature,MIMAT0027397",hsa-mir-6748,Homo sapiens,hsa_19,MI0022593,chr11,+,62789815.0,62789885.0,2.0,2957.0
"hsa-mir-6749, mature,MIMAT0027398",hsa-mir-6749,Homo sapiens,hsa_20,MI0022594,chr11,-,64902387.0,64902455.0,4.0,11319.0
"hsa-mir-6749, mature,MIMAT0027399",hsa-mir-6749,Homo sapiens,hsa_20,MI0022594,chr11,-,64902387.0,64902455.0,4.0,11319.0
"hsa-mir-675, mature,MIMAT0004284",hsa-mir-675,,,,,,,,,
"hsa-mir-675, mature,MIMAT0006790",hsa-mir-675,,,,,,,,,
"hsa-mir-6750, mature,MIMAT0027400",hsa-mir-6750,Homo sapiens,hsa_20,MI0022595,chr11,-,64898363.0,64898437.0,4.0,11319.0
"hsa-mir-6750, mature,MIMAT0027401",hsa-mir-6750,Homo sapiens,hsa_20,MI0022595,chr11,-,64898363.0,64898437.0,4.0,11319.0
"hsa-mir-6751, mature,MIMAT0027402",hsa-mir-6751,,,,,,,,,
"hsa-mir-6751, mature,MIMAT0027403",hsa-mir-6751,,,,,,,,,
"hsa-mir-6752, mature,MIMAT0027404",hsa-mir-6752,,,,,,,,,
"hsa-mir-6752, mature,MIMAT0027405",hsa-mir-6752,,,,,,,,,
"hsa-mir-6753, mature,MIMAT0027406",hsa-mir-6753,,,,,,,,,
"hsa-mir-6753, mature,MIMAT0027407",hsa-mir-6753,,,,,,,,,
"hsa-mir-6754, mature,MIMAT0027408",hsa-mir-6754,,,,,,,,,
"hsa-mir-6754, mature,MIMAT0027409",hsa-mir-6754,,,,,,,,,
"hsa-mir-6755, mature,MIMAT0027410",hsa-mir-6755,,,,,,,,,
"hsa-mir-6755, mature,MIMAT0027411",hsa-mir-6755,,,,,,,,,
"hsa-mir-6756, mature,MIMAT0027412",hsa-mir-6756,,,,,,,,,
"hsa-mir-6756, mature,MIMAT0027413",hsa-mir-6756,,,,,,,,,
"hsa-mir-6757, mature,MIMAT0027414",hsa-mir-6757,,,,,,,,,
"hsa-mir-6757, mature,MIMAT0027415",hsa-mir-6757,,,,,,,,,
"hsa-mir-6758, mature,MIMAT0027416",hsa-mir-6758,Homo sapiens,hsa_25,MI0022603,chr12,+,57512688.0,57512750.0,2.0,6572.0
"hsa-mir-6758, mature,MIMAT0027417",hsa-mir-6758,Homo sapiens,hsa_25,MI0022603,chr12,+,57512688.0,57512750.0,2.0,6572.0
"hsa-mir-6759, mature,MIMAT0027418",hsa-mir-6759,,,,,,,,,
"hsa-mir-6759, mature,MIMAT0027419",hsa-mir-6759,,,,,,,,,
"hsa-mir-676, mature,MIMAT0018203",hsa-mir-676,,,,,,,,,
"hsa-mir-676, mature,MIMAT0018204",hsa-mir-676,,,,,,,,,
"hsa-mir-6760, mature,MIMAT0027420",hsa-mir-6760,,,,,,,,,
"hsa-mir-6760, mature,MIMAT0027421",hsa-mir-6760,,,,,,,,,
"hsa-mir-6761, mature,MIMAT0027422",hsa-mir-6761,,,,,,,,,
"hsa-mir-6761, mature,MIMAT0027423",hsa-mir-6761,,,,,,,,,
"hsa-mir-6762, mature,MIMAT0027425",hsa-mir-6762,,,,,,,,,
"hsa-mir-6763, mature,MIMAT0027426",hsa-mir-6763,,,,,,,,,
"hsa-mir-6763, mature,MIMAT0027427",hsa-mir-6763,,,,,,,,,
"hsa-mir-6764, mature,MIMAT0027428",hsa-mir-6764,,,,,,,,,
"hsa-mir-6764, mature,MIMAT0027429",hsa-mir-6764,,,,,,,,,
"hsa-mir-6765, mature,MIMAT0027430",hsa-mir-6765,,,,,,,,,
"hsa-mir-6765, mature,MIMAT0027431",hsa-mir-6765,,,,,,,,,
"hsa-mir-6766, mature,MIMAT0027433",hsa-mir-6766,,,,,,,,,
"hsa-mir-6767, mature,MIMAT0027434",hsa-mir-6767,,,,,,,,,
"hsa-mir-6767, mature,MIMAT0027435",hsa-mir-6767,,,,,,,,,
"hsa-mir-6768, mature,MIMAT0027436",hsa-mir-6768,,,,,,,,,
"hsa-mir-6768, mature,MIMAT0027437",hsa-mir-6768,,,,,,,,,
"hsa-mir-6769a, mature,MIMAT0027438",hsa-mir-6769a,,,,,,,,,
"hsa-mir-6769a, mature,MIMAT0027439",hsa-mir-6769a,,,,,,,,,
"hsa-mir-6769b, mature,MIMAT0027620",hsa-mir-6769b,,,,,,,,,
"hsa-mir-6769b, mature,MIMAT0027621",hsa-mir-6769b,,,,,,,,,
"hsa-mir-6770-1, mature,MIMAT0027441",hsa-mir-6770-1,Homo sapiens,hsa_44,MI0022615,chr16,+,14930820.0,14930879.0,2.0,4943.0
"hsa-mir-6771, mature,MIMAT0027442",hsa-mir-6771,,,,,,,,,
"hsa-mir-6771, mature,MIMAT0027443",hsa-mir-6771,,,,,,,,,
"hsa-mir-6772, mature,MIMAT0027444",hsa-mir-6772,,,,,,,,,
"hsa-mir-6772, mature,MIMAT0027445",hsa-mir-6772,,,,,,,,,
"hsa-mir-6773, mature,MIMAT0027446",hsa-mir-6773,,,,,,,,,
"hsa-mir-6773, mature,MIMAT0027447",hsa-mir-6773,,,,,,,,,
"hsa-mir-6774, mature,MIMAT0027448",hsa-mir-6774,,,,,,,,,
"hsa-mir-6774, mature,MIMAT0027449",hsa-mir-6774,,,,,,,,,
"hsa-mir-6775, mature,MIMAT0027451",hsa-mir-6775,,,,,,,,,
"hsa-mir-6776, mature,MIMAT0027452",hsa-mir-6776,,,,,,,,,
"hsa-mir-6776, mature,MIMAT0027453",hsa-mir-6776,,,,,,,,,
"hsa-mir-6777, mature,MIMAT0027454",hsa-mir-6777,Homo sapiens,hsa_53,MI0022622,chr17,-,17813480.0,17813545.0,2.0,452.0
"hsa-mir-6777, mature,MIMAT0027455",hsa-mir-6777,Homo sapiens,hsa_53,MI0022622,chr17,-,17813480.0,17813545.0,2.0,452.0
"hsa-mir-6778, mature,MIMAT0027456",hsa-mir-6778,,,,,,,,,
"hsa-mir-6778, mature,MIMAT0027457",hsa-mir-6778,,,,,,,,,
"hsa-mir-6779, mature,MIMAT0027458",hsa-mir-6779,,,,,,,,,
"hsa-mir-6779, mature,MIMAT0027459",hsa-mir-6779,,,,,,,,,
"hsa-mir-6780a, mature,MIMAT0027460",hsa-mir-6780a,,,,,,,,,
"hsa-mir-6780a, mature,MIMAT0027461",hsa-mir-6780a,,,,,,,,,
"hsa-mir-6780b, mature,MIMAT0027572",hsa-mir-6780b,,,,,,,,,
"hsa-mir-6780b, mature,MIMAT0027573",hsa-mir-6780b,,,,,,,,,
"hsa-mir-6781, mature,MIMAT0027462",hsa-mir-6781,,,,,,,,,
"hsa-mir-6781, mature,MIMAT0027463",hsa-mir-6781,,,,,,,,,
"hsa-mir-6782, mature,MIMAT0027464",hsa-mir-6782,,,,,,,,,
"hsa-mir-6782, mature,MIMAT0027465",hsa-mir-6782,,,,,,,,,
"hsa-mir-6783, mature,MIMAT0027466",hsa-mir-6783,,,,,,,,,
"hsa-mir-6783, mature,MIMAT0027467",hsa-mir-6783,,,,,,,,,
"hsa-mir-6784, mature,MIMAT0027468",hsa-mir-6784,,,,,,,,,
"hsa-mir-6784, mature,MIMAT0027469",hsa-mir-6784,,,,,,,,,
"hsa-mir-6785, mature,MIMAT0027470",hsa-mir-6785,,,,,,,,,
"hsa-mir-6785, mature,MIMAT0027471",hsa-mir-6785,,,,,,,,,
"hsa-mir-6786, mature,MIMAT0027472",hsa-mir-6786,,,,,,,,,
"hsa-mir-6786, mature,MIMAT0027473",hsa-mir-6786,,,,,,,,,
"hsa-mir-6787, mature,MIMAT0027474",hsa-mir-6787,,,,,,,,,
"hsa-mir-6787, mature,MIMAT0027475",hsa-mir-6787,,,,,,,,,
"hsa-mir-6788, mature,MIMAT0027476",hsa-mir-6788,,,,,,,,,
"hsa-mir-6788, mature,MIMAT0027477",hsa-mir-6788,,,,,,,,,
"hsa-mir-6789, mature,MIMAT0027478",hsa-mir-6789,Homo sapiens,hsa_66,MI0022634,chr19,-,2235829.0,2235926.0,2.0,1865.0
"hsa-mir-6789, mature,MIMAT0027479",hsa-mir-6789,Homo sapiens,hsa_66,MI0022634,chr19,-,2235829.0,2235926.0,2.0,1865.0
"hsa-mir-6790, mature,MIMAT0027480",hsa-mir-6790,Homo sapiens,hsa_67,MI0022635,chr19,-,6392921.0,6392983.0,2.0,3346.0
"hsa-mir-6790, mature,MIMAT0027481",hsa-mir-6790,Homo sapiens,hsa_67,MI0022635,chr19,-,6392921.0,6392983.0,2.0,3346.0
"hsa-mir-6791, mature,MIMAT0027482",hsa-mir-6791,,,,,,,,,
"hsa-mir-6791, mature,MIMAT0027483",hsa-mir-6791,,,,,,,,,
"hsa-mir-6792, mature,MIMAT0027484",hsa-mir-6792,,,,,,,,,
"hsa-mir-6792, mature,MIMAT0027485",hsa-mir-6792,,,,,,,,,
"hsa-mir-6793, mature,MIMAT0027486",hsa-mir-6793,,,,,,,,,
"hsa-mir-6793, mature,MIMAT0027487",hsa-mir-6793,,,,,,,,,
"hsa-mir-6794, mature,MIMAT0027488",hsa-mir-6794,,,,,,,,,
"hsa-mir-6794, mature,MIMAT0027489",hsa-mir-6794,,,,,,,,,
"hsa-mir-6795, mature,MIMAT0027490",hsa-mir-6795,,,,,,,,,
"hsa-mir-6795, mature,MIMAT0027491",hsa-mir-6795,,,,,,,,,
"hsa-mir-6796, mature,MIMAT0027492",hsa-mir-6796,,,,,,,,,
"hsa-mir-6796, mature,MIMAT0027493",hsa-mir-6796,,,,,,,,,
"hsa-mir-6797, mature,MIMAT0027494",hsa-mir-6797,,,,,,,,,
"hsa-mir-6797, mature,MIMAT0027495",hsa-mir-6797,,,,,,,,,
"hsa-mir-6798, mature,MIMAT0027496",hsa-mir-6798,,,,,,,,,
"hsa-mir-6798, mature,MIMAT0027497",hsa-mir-6798,,,,,,,,,
"hsa-mir-6799, mature,MIMAT0027498",hsa-mir-6799,,,,,,,,,
"hsa-mir-6799, mature,MIMAT0027499",hsa-mir-6799,,,,,,,,,
"hsa-mir-6800, mature,MIMAT0027500",hsa-mir-6800,,,,,,,,,
"hsa-mir-6800, mature,MIMAT0027501",hsa-mir-6800,,,,,,,,,
"hsa-mir-6801, mature,MIMAT0027502",hsa-mir-6801,,,,,,,,,
"hsa-mir-6801, mature,MIMAT0027503",hsa-mir-6801,,,,,,,,,
"hsa-mir-6802, mature,MIMAT0027504",hsa-mir-6802,Homo sapiens,hsa_75,MI0022647,chr19,-,55239912.0,55239976.0,3.0,14366.0
"hsa-mir-6802, mature,MIMAT0027505",hsa-mir-6802,Homo sapiens,hsa_75,MI0022647,chr19,-,55239912.0,55239976.0,3.0,14366.0
"hsa-mir-6803, mature,MIMAT0027506",hsa-mir-6803,Homo sapiens,hsa_75,MI0022648,chr19,-,55245186.0,55245250.0,3.0,14366.0
"hsa-mir-6803, mature,MIMAT0027507",hsa-mir-6803,Homo sapiens,hsa_75,MI0022648,chr19,-,55245186.0,55245250.0,3.0,14366.0
"hsa-mir-6804, mature,MIMAT0027508",hsa-mir-6804,Homo sapiens,hsa_75,MI0022649,chr19,-,55230885.0,55230952.0,3.0,14366.0
"hsa-mir-6804, mature,MIMAT0027509",hsa-mir-6804,Homo sapiens,hsa_75,MI0022649,chr19,-,55230885.0,55230952.0,3.0,14366.0
"hsa-mir-6805, mature,MIMAT0027510",hsa-mir-6805,,,,,,,,,
"hsa-mir-6805, mature,MIMAT0027511",hsa-mir-6805,,,,,,,,,
"hsa-mir-6806, mature,MIMAT0027512",hsa-mir-6806,,,,,,,,,
"hsa-mir-6806, mature,MIMAT0027513",hsa-mir-6806,,,,,,,,,
"hsa-mir-6807, mature,MIMAT0027514",hsa-mir-6807,,,,,,,,,
"hsa-mir-6807, mature,MIMAT0027515",hsa-mir-6807,,,,,,,,,
"hsa-mir-6808, mature,MIMAT0027517",hsa-mir-6808,,,,,,,,,
"hsa-mir-6809, mature,MIMAT0027518",hsa-mir-6809,,,,,,,,,
"hsa-mir-6809, mature,MIMAT0027519",hsa-mir-6809,,,,,,,,,
"hsa-mir-6810, mature,MIMAT0027520",hsa-mir-6810,,,,,,,,,
"hsa-mir-6810, mature,MIMAT0027521",hsa-mir-6810,,,,,,,,,
"hsa-mir-6811, mature,MIMAT0027522",hsa-mir-6811,,,,,,,,,
"hsa-mir-6812, mature,MIMAT0027524",hsa-mir-6812,,,,,,,,,
"hsa-mir-6812, mature,MIMAT0027525",hsa-mir-6812,,,,,,,,,
"hsa-mir-6813, mature,MIMAT0027526",hsa-mir-6813,,,,,,,,,
"hsa-mir-6813, mature,MIMAT0027527",hsa-mir-6813,,,,,,,,,
"hsa-mir-6814, mature,MIMAT0027528",hsa-mir-6814,,,,,,,,,
"hsa-mir-6814, mature,MIMAT0027529",hsa-mir-6814,,,,,,,,,
"hsa-mir-6815, mature,MIMAT0027530",hsa-mir-6815,,,,,,,,,
"hsa-mir-6815, mature,MIMAT0027531",hsa-mir-6815,,,,,,,,,
"hsa-mir-6816, mature,MIMAT0027532",hsa-mir-6816,,,,,,,,,
"hsa-mir-6816, mature,MIMAT0027533",hsa-mir-6816,,,,,,,,,
"hsa-mir-6817, mature,MIMAT0027534",hsa-mir-6817,,,,,,,,,
"hsa-mir-6817, mature,MIMAT0027535",hsa-mir-6817,,,,,,,,,
"hsa-mir-6818, mature,MIMAT0027536",hsa-mir-6818,,,,,,,,,
"hsa-mir-6818, mature,MIMAT0027537",hsa-mir-6818,,,,,,,,,
"hsa-mir-6819, mature,MIMAT0027538",hsa-mir-6819,,,,,,,,,
"hsa-mir-6819, mature,MIMAT0027539",hsa-mir-6819,,,,,,,,,
"hsa-mir-6820, mature,MIMAT0027540",hsa-mir-6820,,,,,,,,,
"hsa-mir-6820, mature,MIMAT0027541",hsa-mir-6820,,,,,,,,,
"hsa-mir-6821, mature,MIMAT0027542",hsa-mir-6821,,,,,,,,,
"hsa-mir-6821, mature,MIMAT0027543",hsa-mir-6821,,,,,,,,,
"hsa-mir-6822, mature,MIMAT0027544",hsa-mir-6822,,,,,,,,,
"hsa-mir-6822, mature,MIMAT0027545",hsa-mir-6822,,,,,,,,,
"hsa-mir-6823, mature,MIMAT0027546",hsa-mir-6823,,,,,,,,,
"hsa-mir-6823, mature,MIMAT0027547",hsa-mir-6823,,,,,,,,,
"hsa-mir-6824, mature,MIMAT0027548",hsa-mir-6824,,,,,,,,,
"hsa-mir-6824, mature,MIMAT0027549",hsa-mir-6824,,,,,,,,,
"hsa-mir-6825, mature,MIMAT0027550",hsa-mir-6825,,,,,,,,,
"hsa-mir-6825, mature,MIMAT0027551",hsa-mir-6825,,,,,,,,,
"hsa-mir-6826, mature,MIMAT0027552",hsa-mir-6826,,,,,,,,,
"hsa-mir-6826, mature,MIMAT0027553",hsa-mir-6826,,,,,,,,,
"hsa-mir-6827, mature,MIMAT0027554",hsa-mir-6827,,,,,,,,,
"hsa-mir-6827, mature,MIMAT0027555",hsa-mir-6827,,,,,,,,,
"hsa-mir-6828, mature,MIMAT0027556",hsa-mir-6828,,,,,,,,,
"hsa-mir-6828, mature,MIMAT0027557",hsa-mir-6828,,,,,,,,,
"hsa-mir-6829, mature,MIMAT0027558",hsa-mir-6829,,,,,,,,,
"hsa-mir-6829, mature,MIMAT0027559",hsa-mir-6829,,,,,,,,,
"hsa-mir-6830, mature,MIMAT0027560",hsa-mir-6830,,,,,,,,,
"hsa-mir-6830, mature,MIMAT0027561",hsa-mir-6830,,,,,,,,,
"hsa-mir-6831, mature,MIMAT0027562",hsa-mir-6831,,,,,,,,,
"hsa-mir-6831, mature,MIMAT0027563",hsa-mir-6831,,,,,,,,,
"hsa-mir-6832, mature,MIMAT0027564",hsa-mir-6832,,,,,,,,,
"hsa-mir-6832, mature,MIMAT0027565",hsa-mir-6832,,,,,,,,,
"hsa-mir-6833, mature,MIMAT0027567",hsa-mir-6833,Homo sapiens,hsa_105,MI0022678,chr6,+,32179816.0,32179876.0,2.0,9847.0
"hsa-mir-6834, mature,MIMAT0027568",hsa-mir-6834,Homo sapiens,hsa_106,MI0022679,chr6,+,33290245.0,33290325.0,2.0,3099.0
"hsa-mir-6834, mature,MIMAT0027569",hsa-mir-6834,Homo sapiens,hsa_106,MI0022679,chr6,+,33290245.0,33290325.0,2.0,3099.0
"hsa-mir-6835, mature,MIMAT0027570",hsa-mir-6835,,,,,,,,,
"hsa-mir-6835, mature,MIMAT0027571",hsa-mir-6835,,,,,,,,,
"hsa-mir-6836, mature,MIMAT0027574",hsa-mir-6836,,,,,,,,,
"hsa-mir-6836, mature,MIMAT0027575",hsa-mir-6836,,,,,,,,,
"hsa-mir-6837, mature,MIMAT0027576",hsa-mir-6837,,,,,,,,,
"hsa-mir-6837, mature,MIMAT0027577",hsa-mir-6837,,,,,,,,,
"hsa-mir-6838, mature,MIMAT0027578",hsa-mir-6838,,,,,,,,,
"hsa-mir-6838, mature,MIMAT0027579",hsa-mir-6838,,,,,,,,,
"hsa-mir-6839, mature,MIMAT0027580",hsa-mir-6839,,,,,,,,,
"hsa-mir-6839, mature,MIMAT0027581",hsa-mir-6839,,,,,,,,,
"hsa-mir-6840, mature,MIMAT0027582",hsa-mir-6840,,,,,,,,,
"hsa-mir-6840, mature,MIMAT0027583",hsa-mir-6840,,,,,,,,,
"hsa-mir-6841, mature,MIMAT0027584",hsa-mir-6841,,,,,,,,,
"hsa-mir-6842, mature,MIMAT0027586",hsa-mir-6842,,,,,,,,,
"hsa-mir-6842, mature,MIMAT0027587",hsa-mir-6842,,,,,,,,,
"hsa-mir-6843, mature,MIMAT0027588",hsa-mir-6843,,,,,,,,,
"hsa-mir-6844, mature,MIMAT0027589",hsa-mir-6844,,,,,,,,,
"hsa-mir-6845, mature,MIMAT0027590",hsa-mir-6845,,,,,,,,,
"hsa-mir-6845, mature,MIMAT0027591",hsa-mir-6845,,,,,,,,,
"hsa-mir-6846, mature,MIMAT0027592",hsa-mir-6846,,,,,,,,,
"hsa-mir-6846, mature,MIMAT0027593",hsa-mir-6846,,,,,,,,,
"hsa-mir-6847, mature,MIMAT0027594",hsa-mir-6847,,,,,,,,,
"hsa-mir-6847, mature,MIMAT0027595",hsa-mir-6847,,,,,,,,,
"hsa-mir-6848, mature,MIMAT0027596",hsa-mir-6848,,,,,,,,,
"hsa-mir-6848, mature,MIMAT0027597",hsa-mir-6848,,,,,,,,,
"hsa-mir-6849, mature,MIMAT0027598",hsa-mir-6849,Homo sapiens,hsa_127,MI0022695,chr8,-,144400277.0,144400345.0,3.0,6197.0
"hsa-mir-6849, mature,MIMAT0027599",hsa-mir-6849,Homo sapiens,hsa_127,MI0022695,chr8,-,144400277.0,144400345.0,3.0,6197.0
"hsa-mir-6850, mature,MIMAT0027600",hsa-mir-6850,,,,,,,,,
"hsa-mir-6850, mature,MIMAT0027601",hsa-mir-6850,,,,,,,,,
"hsa-mir-6851, mature,MIMAT0027602",hsa-mir-6851,,,,,,,,,
"hsa-mir-6851, mature,MIMAT0027603",hsa-mir-6851,,,,,,,,,
"hsa-mir-6852, mature,MIMAT0027604",hsa-mir-6852,,,,,,,,,
"hsa-mir-6852, mature,MIMAT0027605",hsa-mir-6852,,,,,,,,,
"hsa-mir-6853, mature,MIMAT0027607",hsa-mir-6853,,,,,,,,,
"hsa-mir-6854, mature,MIMAT0027608",hsa-mir-6854,,,,,,,,,
"hsa-mir-6854, mature,MIMAT0027609",hsa-mir-6854,,,,,,,,,
"hsa-mir-6855, mature,MIMAT0027610",hsa-mir-6855,,,,,,,,,
"hsa-mir-6855, mature,MIMAT0027611",hsa-mir-6855,,,,,,,,,
"hsa-mir-6856, mature,MIMAT0027612",hsa-mir-6856,,,,,,,,,
"hsa-mir-6856, mature,MIMAT0027613",hsa-mir-6856,,,,,,,,,
"hsa-mir-6857, mature,MIMAT0027614",hsa-mir-6857,,,,,,,,,
"hsa-mir-6857, mature,MIMAT0027615",hsa-mir-6857,,,,,,,,,
"hsa-mir-6858, mature,MIMAT0027616",hsa-mir-6858,,,,,,,,,
"hsa-mir-6858, mature,MIMAT0027617",hsa-mir-6858,,,,,,,,,
"hsa-mir-6859-4, mature,MIMAT0027619",hsa-mir-6859-4,,,,,,,,,
"hsa-mir-6860, mature,MIMAT0027622",hsa-mir-6860,,,,,,,,,
"hsa-mir-6861, mature,MIMAT0027623",hsa-mir-6861,,,,,,,,,
"hsa-mir-6861, mature,MIMAT0027624",hsa-mir-6861,,,,,,,,,
"hsa-mir-6862-1, mature,MIMAT0027625",hsa-mir-6862-1,,,,,,,,,
"hsa-mir-6862-1, mature,MIMAT0027626",hsa-mir-6862-1,,,,,,,,,
"hsa-mir-6863, mature,MIMAT0027627",hsa-mir-6863,,,,,,,,,
"hsa-mir-6864, mature,MIMAT0027628",hsa-mir-6864,Homo sapiens,hsa_50,MI0022711,chr17,-,4969702.0,4969771.0,2.0,449.0
"hsa-mir-6864, mature,MIMAT0027629",hsa-mir-6864,Homo sapiens,hsa_50,MI0022711,chr17,-,4969702.0,4969771.0,2.0,449.0
"hsa-mir-6865, mature,MIMAT0027630",hsa-mir-6865,Homo sapiens,hsa_50,MI0022712,chr17,-,4970086.0,4970150.0,2.0,449.0
"hsa-mir-6865, mature,MIMAT0027631",hsa-mir-6865,Homo sapiens,hsa_50,MI0022712,chr17,-,4970086.0,4970150.0,2.0,449.0
"hsa-mir-6866, mature,MIMAT0027632",hsa-mir-6866,,,,,,,,,
"hsa-mir-6866, mature,MIMAT0027633",hsa-mir-6866,,,,,,,,,
"hsa-mir-6867, mature,MIMAT0027634",hsa-mir-6867,,,,,,,,,
"hsa-mir-6867, mature,MIMAT0027635",hsa-mir-6867,,,,,,,,,
"hsa-mir-6868, mature,MIMAT0027636",hsa-mir-6868,,,,,,,,,
"hsa-mir-6868, mature,MIMAT0027637",hsa-mir-6868,,,,,,,,,
"hsa-mir-6869, mature,MIMAT0027638",hsa-mir-6869,,,,,,,,,
"hsa-mir-6869, mature,MIMAT0027639",hsa-mir-6869,,,,,,,,,
"hsa-mir-6870, mature,MIMAT0027640",hsa-mir-6870,,,,,,,,,
"hsa-mir-6870, mature,MIMAT0027641",hsa-mir-6870,,,,,,,,,
"hsa-mir-6871, mature,MIMAT0027642",hsa-mir-6871,,,,,,,,,
"hsa-mir-6871, mature,MIMAT0027643",hsa-mir-6871,,,,,,,,,
"hsa-mir-6872, mature,MIMAT0027644",hsa-mir-6872,,,,,,,,,
"hsa-mir-6872, mature,MIMAT0027645",hsa-mir-6872,,,,,,,,,
"hsa-mir-6873, mature,MIMAT0027646",hsa-mir-6873,Homo sapiens,hsa_106,MI0022720,chr6,-,33287227.0,33287289.0,2.0,3099.0
"hsa-mir-6873, mature,MIMAT0027647",hsa-mir-6873,Homo sapiens,hsa_106,MI0022720,chr6,-,33287227.0,33287289.0,2.0,3099.0
"hsa-mir-6874, mature,MIMAT0027648",hsa-mir-6874,,,,,,,,,
"hsa-mir-6874, mature,MIMAT0027649",hsa-mir-6874,,,,,,,,,
"hsa-mir-6875, mature,MIMAT0027650",hsa-mir-6875,,,,,,,,,
"hsa-mir-6875, mature,MIMAT0027651",hsa-mir-6875,,,,,,,,,
"hsa-mir-6876, mature,MIMAT0027652",hsa-mir-6876,,,,,,,,,
"hsa-mir-6876, mature,MIMAT0027653",hsa-mir-6876,,,,,,,,,
"hsa-mir-6877, mature,MIMAT0027654",hsa-mir-6877,,,,,,,,,
"hsa-mir-6877, mature,MIMAT0027655",hsa-mir-6877,,,,,,,,,
"hsa-mir-6878, mature,MIMAT0027656",hsa-mir-6878,,,,,,,,,
"hsa-mir-6878, mature,MIMAT0027657",hsa-mir-6878,,,,,,,,,
"hsa-mir-6879, mature,MIMAT0027659",hsa-mir-6879,,,,,,,,,
"hsa-mir-6880, mature,MIMAT0027661",hsa-mir-6880,,,,,,,,,
"hsa-mir-6881, mature,MIMAT0027662",hsa-mir-6881,,,,,,,,,
"hsa-mir-6881, mature,MIMAT0027663",hsa-mir-6881,,,,,,,,,
"hsa-mir-6882, mature,MIMAT0027664",hsa-mir-6882,,,,,,,,,
"hsa-mir-6882, mature,MIMAT0027665",hsa-mir-6882,,,,,,,,,
"hsa-mir-6883, mature,MIMAT0027666",hsa-mir-6883,,,,,,,,,
"hsa-mir-6883, mature,MIMAT0027667",hsa-mir-6883,,,,,,,,,
"hsa-mir-6884, mature,MIMAT0027668",hsa-mir-6884,,,,,,,,,
"hsa-mir-6884, mature,MIMAT0027669",hsa-mir-6884,,,,,,,,,
"hsa-mir-6885, mature,MIMAT0027670",hsa-mir-6885,Homo sapiens,hsa_67,MI0022732,chr19,-,6389638.0,6389703.0,2.0,3346.0
"hsa-mir-6885, mature,MIMAT0027671",hsa-mir-6885,Homo sapiens,hsa_67,MI0022732,chr19,-,6389638.0,6389703.0,2.0,3346.0
"hsa-mir-6886, mature,MIMAT0027672",hsa-mir-6886,,,,,,,,,
"hsa-mir-6886, mature,MIMAT0027673",hsa-mir-6886,,,,,,,,,
"hsa-mir-6887, mature,MIMAT0027674",hsa-mir-6887,,,,,,,,,
"hsa-mir-6888, mature,MIMAT0027676",hsa-mir-6888,,,,,,,,,
"hsa-mir-6888, mature,MIMAT0027677",hsa-mir-6888,,,,,,,,,
"hsa-mir-6889, mature,MIMAT0027678",hsa-mir-6889,,,,,,,,,
"hsa-mir-6889, mature,MIMAT0027679",hsa-mir-6889,,,,,,,,,
"hsa-mir-6890, mature,MIMAT0027680",hsa-mir-6890,,,,,,,,,
"hsa-mir-6890, mature,MIMAT0027681",hsa-mir-6890,,,,,,,,,
"hsa-mir-6891, mature,MIMAT0027682",hsa-mir-6891,,,,,,,,,
"hsa-mir-6891, mature,MIMAT0027683",hsa-mir-6891,,,,,,,,,
"hsa-mir-6892, mature,MIMAT0027684",hsa-mir-6892,,,,,,,,,
"hsa-mir-6892, mature,MIMAT0027685",hsa-mir-6892,,,,,,,,,
"hsa-mir-6893, mature,MIMAT0027687",hsa-mir-6893,,,,,,,,,
"hsa-mir-6894, mature,MIMAT0027688",hsa-mir-6894,Homo sapiens,hsa_138,MI0022741,chrX,-,53198889.0,53198945.0,2.0,3535.0
"hsa-mir-6894, mature,MIMAT0027689",hsa-mir-6894,Homo sapiens,hsa_138,MI0022741,chrX,-,53198889.0,53198945.0,2.0,3535.0
"hsa-mir-6895, mature,MIMAT0027690",hsa-mir-6895,Homo sapiens,hsa_138,MI0022742,chrX,-,53195411.0,53195488.0,2.0,3535.0
"hsa-mir-6895, mature,MIMAT0027691",hsa-mir-6895,Homo sapiens,hsa_138,MI0022742,chrX,-,53195411.0,53195488.0,2.0,3535.0
"hsa-mir-7-1, mature,MIMAT0000252",hsa-mir-7-1,,,,,,,,,
"hsa-mir-7-1, mature,MIMAT0004553",hsa-mir-7-1,,,,,,,,,
"hsa-mir-7-2, mature,MIMAT0004554",hsa-mir-7-2,Homo sapiens,hsa_38,MI0000264,chr15,+,88611825.0,88611934.0,3.0,3818.0
"hsa-mir-708, mature,MIMAT0004926",hsa-mir-708,,,,,,,,,
"hsa-mir-708, mature,MIMAT0004927",hsa-mir-708,,,,,,,,,
"hsa-mir-7106, mature,MIMAT0028109",hsa-mir-7106,,,,,,,,,
"hsa-mir-7106, mature,MIMAT0028110",hsa-mir-7106,,,,,,,,,
"hsa-mir-7107, mature,MIMAT0028111",hsa-mir-7107,,,,,,,,,
"hsa-mir-7107, mature,MIMAT0028112",hsa-mir-7107,,,,,,,,,
"hsa-mir-7108, mature,MIMAT0028113",hsa-mir-7108,,,,,,,,,
"hsa-mir-7108, mature,MIMAT0028114",hsa-mir-7108,,,,,,,,,
"hsa-mir-7109, mature,MIMAT0028115",hsa-mir-7109,,,,,,,,,
"hsa-mir-7109, mature,MIMAT0028116",hsa-mir-7109,,,,,,,,,
"hsa-mir-711, mature,MIMAT0012734",hsa-mir-711,,,,,,,,,
"hsa-mir-7110, mature,MIMAT0028117",hsa-mir-7110,,,,,,,,,
"hsa-mir-7110, mature,MIMAT0028118",hsa-mir-7110,,,,,,,,,
"hsa-mir-7111, mature,MIMAT0028119",hsa-mir-7111,,,,,,,,,
"hsa-mir-7111, mature,MIMAT0028120",hsa-mir-7111,,,,,,,,,
"hsa-mir-7112, mature,MIMAT0028121",hsa-mir-7112,,,,,,,,,
"hsa-mir-7112, mature,MIMAT0028122",hsa-mir-7112,,,,,,,,,
"hsa-mir-7113, mature,MIMAT0028123",hsa-mir-7113,Homo sapiens,hsa_21,MI0022964,chr11,+,68032864.0,68032922.0,2.0,1118.0
"hsa-mir-7113, mature,MIMAT0028124",hsa-mir-7113,Homo sapiens,hsa_21,MI0022964,chr11,+,68032864.0,68032922.0,2.0,1118.0
"hsa-mir-7114, mature,MIMAT0028125",hsa-mir-7114,,,,,,,,,
"hsa-mir-7114, mature,MIMAT0028126",hsa-mir-7114,,,,,,,,,
"hsa-mir-7151, mature,MIMAT0028212",hsa-mir-7151,,,,,,,,,
"hsa-mir-7151, mature,MIMAT0028213",hsa-mir-7151,,,,,,,,,
"hsa-mir-7152, mature,MIMAT0028214",hsa-mir-7152,,,,,,,,,
"hsa-mir-7152, mature,MIMAT0028215",hsa-mir-7152,,,,,,,,,
"hsa-mir-7153, mature,MIMAT0028216",hsa-mir-7153,,,,,,,,,
"hsa-mir-7153, mature,MIMAT0028217",hsa-mir-7153,,,,,,,,,
"hsa-mir-7154, mature,MIMAT0028218",hsa-mir-7154,,,,,,,,,
"hsa-mir-7154, mature,MIMAT0028219",hsa-mir-7154,,,,,,,,,
"hsa-mir-7155, mature,MIMAT0028220",hsa-mir-7155,,,,,,,,,
"hsa-mir-7155, mature,MIMAT0028221",hsa-mir-7155,,,,,,,,,
"hsa-mir-7156, mature,MIMAT0028222",hsa-mir-7156,,,,,,,,,
"hsa-mir-7156, mature,MIMAT0028223",hsa-mir-7156,,,,,,,,,
"hsa-mir-7157, mature,MIMAT0028224",hsa-mir-7157,,,,,,,,,
"hsa-mir-7157, mature,MIMAT0028225",hsa-mir-7157,,,,,,,,,
"hsa-mir-7158, mature,MIMAT0028227",hsa-mir-7158,,,,,,,,,
"hsa-mir-7159, mature,MIMAT0028228",hsa-mir-7159,,,,,,,,,
"hsa-mir-7159, mature,MIMAT0028229",hsa-mir-7159,,,,,,,,,
"hsa-mir-7160, mature,MIMAT0028230",hsa-mir-7160,,,,,,,,,
"hsa-mir-7160, mature,MIMAT0028231",hsa-mir-7160,,,,,,,,,
"hsa-mir-7161, mature,MIMAT0028232",hsa-mir-7161,,,,,,,,,
"hsa-mir-7161, mature,MIMAT0028233",hsa-mir-7161,,,,,,,,,
"hsa-mir-7162, mature,MIMAT0028235",hsa-mir-7162,,,,,,,,,
"hsa-mir-718, mature,MIMAT0012735",hsa-mir-718,,,,,,,,,
"hsa-mir-744, mature,MIMAT0004945",hsa-mir-744,,,,,,,,,
"hsa-mir-744, mature,MIMAT0004946",hsa-mir-744,,,,,,,,,
"hsa-mir-758, mature,MIMAT0003879",hsa-mir-758,Homo sapiens,hsa_34,MI0003757,chr14,+,101026020.0,101026107.0,42.0,44736.0
"hsa-mir-758, mature,MIMAT0022929",hsa-mir-758,Homo sapiens,hsa_34,MI0003757,chr14,+,101026020.0,101026107.0,42.0,44736.0
"hsa-mir-760, mature,MIMAT0004957",hsa-mir-760,,,,,,,,,
"hsa-mir-762, mature,MIMAT0010313",hsa-mir-762,,,,,,,,,
"hsa-mir-764, mature,MIMAT0010367",hsa-mir-764,,,,,,,,,
"hsa-mir-7641-1, mature,MIMAT0029782",hsa-mir-7641-1,,,,,,,,,
"hsa-mir-765, mature,MIMAT0003945",hsa-mir-765,,,,,,,,,
"hsa-mir-766, mature,MIMAT0003888",hsa-mir-766,,,,,,,,,
"hsa-mir-766, mature,MIMAT0022714",hsa-mir-766,,,,,,,,,
"hsa-mir-767, mature,MIMAT0003882",hsa-mir-767,Homo sapiens,hsa_152,MI0003763,chrX,-,152393421.0,152393529.0,3.0,2274.0
"hsa-mir-767, mature,MIMAT0003883",hsa-mir-767,Homo sapiens,hsa_152,MI0003763,chrX,-,152393421.0,152393529.0,3.0,2274.0
"hsa-mir-769, mature,MIMAT0003886",hsa-mir-769,,,,,,,,,
"hsa-mir-769, mature,MIMAT0003887",hsa-mir-769,,,,,,,,,
"hsa-mir-770, mature,MIMAT0003948",hsa-mir-770,,,,,,,,,
"hsa-mir-7702, mature,MIMAT0030017",hsa-mir-7702,,,,,,,,,
"hsa-mir-7703, mature,MIMAT0030018",hsa-mir-7703,,,,,,,,,
"hsa-mir-7704, mature,MIMAT0030019",hsa-mir-7704,,,,,,,,,
"hsa-mir-7705, mature,MIMAT0030020",hsa-mir-7705,,,,,,,,,
"hsa-mir-7706, mature,MIMAT0030021",hsa-mir-7706,,,,,,,,,
"hsa-mir-7843, mature,MIMAT0030412",hsa-mir-7843,,,,,,,,,
"hsa-mir-7844, mature,MIMAT0030419",hsa-mir-7844,Homo sapiens,hsa_28,MI0025514,chr12,-,94571231.0,94571352.0,2.0,9564.0
"hsa-mir-7845, mature,MIMAT0030420",hsa-mir-7845,,,,,,,,,
"hsa-mir-7846, mature,MIMAT0030421",hsa-mir-7846,,,,,,,,,
"hsa-mir-7847, mature,MIMAT0030422",hsa-mir-7847,,,,,,,,,
"hsa-mir-7848, mature,MIMAT0030423",hsa-mir-7848,,,,,,,,,
"hsa-mir-7849, mature,MIMAT0030424",hsa-mir-7849,,,,,,,,,
"hsa-mir-7850, mature,MIMAT0030425",hsa-mir-7850,,,,,,,,,
"hsa-mir-7851, mature,MIMAT0030426",hsa-mir-7851,,,,,,,,,
"hsa-mir-7853, mature,MIMAT0030428",hsa-mir-7853,Homo sapiens,hsa_104,MI0025523,chr6,-,6169304.0,6169435.0,2.0,106.0
"hsa-mir-7854, mature,MIMAT0030429",hsa-mir-7854,,,,,,,,,
"hsa-mir-7855, mature,MIMAT0030430",hsa-mir-7855,,,,,,,,,
"hsa-mir-7856, mature,MIMAT0030431",hsa-mir-7856,,,,,,,,,
"hsa-mir-7973-1, mature,MIMAT0031176",hsa-mir-7973-1,Homo sapiens,hsa_37,MI0025748,chr15,+,51314034.0,51314109.0,2.0,78.0
"hsa-mir-7974, mature,MIMAT0031177",hsa-mir-7974,,,,,,,,,
"hsa-mir-7976, mature,MIMAT0031179",hsa-mir-7976,,,,,,,,,
"hsa-mir-7977, mature,MIMAT0031180",hsa-mir-7977,,,,,,,,,
"hsa-mir-7978, mature,MIMAT0031181",hsa-mir-7978,,,,,,,,,
"hsa-mir-802, mature,MIMAT0004185",hsa-mir-802,,,,,,,,,
"hsa-mir-8072, mature,MIMAT0030999",hsa-mir-8072,,,,,,,,,
"hsa-mir-8073, mature,MIMAT0031000",hsa-mir-8073,,,,,,,,,
"hsa-mir-8085, mature,MIMAT0031012",hsa-mir-8085,,,,,,,,,
"hsa-mir-873, mature,MIMAT0004953",hsa-mir-873,,,,,,,,,
"hsa-mir-873, mature,MIMAT0022717",hsa-mir-873,,,,,,,,,
"hsa-mir-874, mature,MIMAT0004911",hsa-mir-874,,,,,,,,,
"hsa-mir-874, mature,MIMAT0026718",hsa-mir-874,,,,,,,,,
"hsa-mir-875, mature,MIMAT0004922",hsa-mir-875,Homo sapiens,hsa_123,MI0005541,chr8,-,99536786.0,99536861.0,2.0,226.0
"hsa-mir-875, mature,MIMAT0004923",hsa-mir-875,Homo sapiens,hsa_123,MI0005541,chr8,-,99536786.0,99536861.0,2.0,226.0
"hsa-mir-876, mature,MIMAT0004924",hsa-mir-876,,,,,,,,,
"hsa-mir-876, mature,MIMAT0004925",hsa-mir-876,,,,,,,,,
"hsa-mir-877, mature,MIMAT0004949",hsa-mir-877,,,,,,,,,
"hsa-mir-877, mature,MIMAT0004950",hsa-mir-877,,,,,,,,,
"hsa-mir-885, mature,MIMAT0004947",hsa-mir-885,,,,,,,,,
"hsa-mir-885, mature,MIMAT0004948",hsa-mir-885,,,,,,,,,
"hsa-mir-887, mature,MIMAT0004951",hsa-mir-887,,,,,,,,,
"hsa-mir-887, mature,MIMAT0026720",hsa-mir-887,,,,,,,,,
"hsa-mir-888, mature,MIMAT0004916",hsa-mir-888,Homo sapiens,hsa_146,MI0005537,chrX,-,145994784.0,145994860.0,6.0,8382.0
"hsa-mir-888, mature,MIMAT0004917",hsa-mir-888,Homo sapiens,hsa_146,MI0005537,chrX,-,145994784.0,145994860.0,6.0,8382.0
"hsa-mir-889, mature,MIMAT0004921",hsa-mir-889,Homo sapiens,hsa_34,MI0005540,chr14,+,101047901.0,101047979.0,42.0,44736.0
"hsa-mir-889, mature,MIMAT0026719",hsa-mir-889,Homo sapiens,hsa_34,MI0005540,chr14,+,101047901.0,101047979.0,42.0,44736.0
"hsa-mir-890, mature,MIMAT0004912",hsa-mir-890,Homo sapiens,hsa_146,MI0005533,chrX,-,145994275.0,145994351.0,6.0,8382.0
"hsa-mir-891a, mature,MIMAT0004902",hsa-mir-891a,,,,,,,,,
"hsa-mir-891a, mature,MIMAT0026717",hsa-mir-891a,,,,,,,,,
"hsa-mir-891b, mature,MIMAT0004913",hsa-mir-891b,Homo sapiens,hsa_146,MI0005534,chrX,-,146001053.0,146001131.0,6.0,8382.0
"hsa-mir-892a, mature,MIMAT0004907",hsa-mir-892a,Homo sapiens,hsa_146,MI0005528,chrX,-,145996669.0,145996743.0,6.0,8382.0
"hsa-mir-892b, mature,MIMAT0004918",hsa-mir-892b,Homo sapiens,hsa_146,MI0005538,chrX,-,145997198.0,145997274.0,6.0,8382.0
"hsa-mir-892c, mature,MIMAT0025857",hsa-mir-892c,Homo sapiens,hsa_146,MI0022560,chrX,-,145992750.0,145992826.0,6.0,8382.0
"hsa-mir-892c, mature,MIMAT0025858",hsa-mir-892c,Homo sapiens,hsa_146,MI0022560,chrX,-,145992750.0,145992826.0,6.0,8382.0
"hsa-mir-9-1, mature,MIMAT0000441",hsa-mir-9-1,,,,,,,,,
"hsa-mir-9-1, mature,MIMAT0000442",hsa-mir-9-1,,,,,,,,,
"hsa-mir-921, mature,MIMAT0004971",hsa-mir-921,,,,,,,,,
"hsa-mir-922, mature,MIMAT0004972",hsa-mir-922,,,,,,,,,
"hsa-mir-92a-1, mature,MIMAT0000092",hsa-mir-92a-1,Homo sapiens,hsa_31,MI0000093,chr13,+,91351314.0,91351391.0,6.0,787.0
"hsa-mir-92a-1, mature,MIMAT0004507",hsa-mir-92a-1,Homo sapiens,hsa_31,MI0000093,chr13,+,91351314.0,91351391.0,6.0,787.0
"hsa-mir-92a-2, mature,MIMAT0004508",hsa-mir-92a-2,Homo sapiens,hsa_144,MI0000094,chrX,-,134169538.0,134169612.0,6.0,901.0
"hsa-mir-92b, mature,MIMAT0003218",hsa-mir-92b,,,,,,,,,
"hsa-mir-92b, mature,MIMAT0004792",hsa-mir-92b,,,,,,,,,
"hsa-mir-93, mature,MIMAT0000093",hsa-mir-93,Homo sapiens,hsa_113,MI0000095,chr7,-,100093768.0,100093847.0,3.0,515.0
"hsa-mir-93, mature,MIMAT0004509",hsa-mir-93,Homo sapiens,hsa_113,MI0000095,chr7,-,100093768.0,100093847.0,3.0,515.0
"hsa-mir-933, mature,MIMAT0004976",hsa-mir-933,,,,,,,,,
"hsa-mir-934, mature,MIMAT0004977",hsa-mir-934,,,,,,,,,
"hsa-mir-935, mature,MIMAT0004978",hsa-mir-935,,,,,,,,,
"hsa-mir-936, mature,MIMAT0004979",hsa-mir-936,,,,,,,,,
"hsa-mir-937, mature,MIMAT0004980",hsa-mir-937,,,,,,,,,
"hsa-mir-937, mature,MIMAT0022938",hsa-mir-937,,,,,,,,,
"hsa-mir-938, mature,MIMAT0004981",hsa-mir-938,,,,,,,,,
"hsa-mir-939, mature,MIMAT0004982",hsa-mir-939,Homo sapiens,hsa_127,MI0005761,chr8,-,144394149.0,144394230.0,3.0,6197.0
"hsa-mir-939, mature,MIMAT0022939",hsa-mir-939,Homo sapiens,hsa_127,MI0005761,chr8,-,144394149.0,144394230.0,3.0,6197.0
"hsa-mir-940, mature,MIMAT0004983",hsa-mir-940,Homo sapiens,hsa_41,MI0005762,chr16,+,2271747.0,2271840.0,3.0,3979.0
"hsa-mir-942, mature,MIMAT0004985",hsa-mir-942,,,,,,,,,
"hsa-mir-942, mature,MIMAT0026734",hsa-mir-942,,,,,,,,,
"hsa-mir-943, mature,MIMAT0004986",hsa-mir-943,,,,,,,,,
"hsa-mir-944, mature,MIMAT0004987",hsa-mir-944,,,,,,,,,
"hsa-mir-95, mature,MIMAT0000094",hsa-mir-95,,,,,,,,,
"hsa-mir-95, mature,MIMAT0026473",hsa-mir-95,,,,,,,,,
"hsa-mir-96, mature,MIMAT0000095",hsa-mir-96,Homo sapiens,hsa_115,MI0000098,chr7,-,129774692.0,129774769.0,3.0,4632.0
"hsa-mir-96, mature,MIMAT0004510",hsa-mir-96,Homo sapiens,hsa_115,MI0000098,chr7,-,129774692.0,129774769.0,3.0,4632.0
"hsa-mir-98, mature,MIMAT0000096",hsa-mir-98,Homo sapiens,hsa_139,MI0000100,chrX,-,53556223.0,53556341.0,2.0,1052.0
"hsa-mir-98, mature,MIMAT0022842",hsa-mir-98,Homo sapiens,hsa_139,MI0000100,chrX,-,53556223.0,53556341.0,2.0,1052.0
"hsa-mir-99a, mature,MIMAT0000097",hsa-mir-99a,Homo sapiens,hsa_89,MI0000101,chr21,+,16539089.0,16539169.0,2.0,823.0
"hsa-mir-99a, mature,MIMAT0004511",hsa-mir-99a,Homo sapiens,hsa_89,MI0000101,chr21,+,16539089.0,16539169.0,2.0,823.0
"hsa-mir-99b, mature,MIMAT0000689",hsa-mir-99b,Homo sapiens,hsa_72,MI0000746,chr19,+,51692612.0,51692681.0,3.0,728.0
"hsa-mir-99b, mature,MIMAT0004678",hsa-mir-99b,Homo sapiens,hsa_72,MI0000746,chr19,+,51692612.0,51692681.0,3.0,728.0
